scenario,size,rep,model,param,low_rank,tune,target_accept,indicator,prior_scale,coef,truth,mean,sd,q05,q95,prior_sd,rhat_coef,ess_coef,rhat_max,ess_min,divergences,seconds,fit_seed,n_marked,total_count,nonzero_cells
s1_recovery,small,9,joint,v2_within_valence,False,2000,0.95,e_r50,1.0,b_z,-0.25980762113533157,-0.2488391532744169,0.08989126527210031,-0.3899164493038128,-0.10184322182613292,1.0,0.9999703307470562,877.5106375598176,1.004848710836426,877.5106375598176,0,166.9,77076512,56,722,678
s1_recovery,small,9,joint,v2_within_valence,False,2000,0.95,e_r50,1.0,b_m,0.0,0.3488910664157365,0.1506829283200104,0.09245958453375018,0.5922123256884184,1.0,1.000743052479561,1468.930453830803,1.004848710836426,877.5106375598176,0,166.9,77076512,56,722,678
s1_recovery,small,9,joint,v2_within_valence,False,2000,0.95,e_r50,1.0,b_f,0.3,0.3762911560409431,0.0771167428741829,0.24753610288939312,0.5013369277848387,1.0,1.0000959407243584,1250.419206030312,1.004848710836426,877.5106375598176,0,166.9,77076512,56,722,678
s1_recovery,small,9,joint,v2_within_valence,False,2000,0.95,e_r50,1.0,b_vt,-0.65,-0.6109998752761463,0.0687313123615605,-0.7217860051267729,-0.4980149190849231,1.0,1.0017258405366247,1523.2681984308415,1.004848710836426,877.5106375598176,0,166.9,77076512,56,722,678
s1_recovery,small,9,joint,v2_within_valence,False,2000,0.95,e_r50,1.0,g_z,-0.4330127018922193,-0.38470346012742773,0.24045279004677964,-0.7796598243425286,0.004622397468111577,1.0,1.001688478290985,1534.3470232674313,1.004848710836426,877.5106375598176,0,166.9,77076512,56,722,678
s1_recovery,small,9,joint,v2_within_valence,False,2000,0.95,e_r50,1.0,g_vt,-1.25,-1.3585052642582682,0.21996662361005695,-1.7347825718404308,-1.0184520378696933,1.0,1.0014057530085523,1998.61190455855,1.004848710836426,877.5106375598176,0,166.9,77076512,56,722,678
s1_recovery,small,9,joint,v2_within_valence,False,2000,0.95,e_r50,1.0,g_s,-0.3,-0.564127301573713,0.26407107704095784,-1.0111511934495743,-0.14396098184603678,1.0,1.004848710836426,1364.0718619820311,1.004848710836426,877.5106375598176,0,166.9,77076512,56,722,678
s1_recovery,small,9,joint,v2_within_valence,False,2000,0.95,e_r50,1.0,c_z,-0.15588457268119893,-0.12987373500223787,0.0820085513832293,-0.26133515970189836,0.003958750027449467,1.0,1.001611406310202,1044.640393338664,1.004848710836426,877.5106375598176,0,166.9,77076512,56,722,678
s1_recovery,small,17,joint,v2_within_valence,False,2000,0.95,e_r50,1.0,b_z,-0.25980762113533157,-0.4355438332460029,0.1138930814584651,-0.6256831928014804,-0.2508643256013552,1.0,1.021838207751401,295.18144633797255,1.021838207751401,295.18144633797255,0,148.2,4072707308,63,731,691
s1_recovery,small,17,joint,v2_within_valence,False,2000,0.95,e_r50,1.0,b_m,0.0,-0.049673956504411546,0.15317063971870165,-0.3029868391197788,0.20251782545403382,1.0,1.0030959907143342,1312.6594815327196,1.021838207751401,295.18144633797255,0,148.2,4072707308,63,731,691
s1_recovery,small,17,joint,v2_within_valence,False,2000,0.95,e_r50,1.0,b_f,0.3,0.4318146348178182,0.10259894739387367,0.27343120379312313,0.5994925926379837,1.0,1.0123750931370512,343.79488830841785,1.021838207751401,295.18144633797255,0,148.2,4072707308,63,731,691
s1_recovery,small,17,joint,v2_within_valence,False,2000,0.95,e_r50,1.0,b_vt,-0.65,-0.6531492928095425,0.0718050200144688,-0.77365788902022,-0.5379550650220005,1.0,1.0083348549358018,567.0482922010607,1.021838207751401,295.18144633797255,0,148.2,4072707308,63,731,691
s1_recovery,small,17,joint,v2_within_valence,False,2000,0.95,e_r50,1.0,g_z,-0.4330127018922193,-0.3283702931026761,0.24243763827170703,-0.7341713632529904,0.056307033984017395,1.0,1.0045273001617796,937.7264587223891,1.021838207751401,295.18144633797255,0,148.2,4072707308,63,731,691
s1_recovery,small,17,joint,v2_within_valence,False,2000,0.95,e_r50,1.0,g_vt,-1.25,-1.0365527479026004,0.20463942708538918,-1.3881291473616155,-0.7114490260546861,1.0,1.0006857478508548,1882.3469523552021,1.021838207751401,295.18144633797255,0,148.2,4072707308,63,731,691
s1_recovery,small,17,joint,v2_within_valence,False,2000,0.95,e_r50,1.0,g_s,-0.3,-0.24040630815846945,0.2631914991299068,-0.6815288989952828,0.17682199269241003,1.0,1.0006889056894526,1347.0061498635803,1.021838207751401,295.18144633797255,0,148.2,4072707308,63,731,691
s1_recovery,small,17,joint,v2_within_valence,False,2000,0.95,e_r50,1.0,c_z,-0.15588457268119893,-0.25290114210388304,0.08440341330046308,-0.38938861905685923,-0.11260370166539661,1.0,1.017166642945435,508.6237565465268,1.021838207751401,295.18144633797255,0,148.2,4072707308,63,731,691
s1_recovery,large,2,joint,v2_within_valence_ucentered,False,2000,0.95,e_r50,1.0,b_z,-0.25980762113533157,-0.28508741226487244,0.061139629128190126,-0.3877313848247928,-0.18621324805764652,1.0,1.0314033162809193,177.62196384264226,1.0314033162809193,177.62196384264226,0,174.9,3683752243,74,5740,4104
s1_recovery,large,2,joint,v2_within_valence_ucentered,False,2000,0.95,e_r50,1.0,b_m,0.0,-0.04683308119243438,0.09466086125074936,-0.20440395486016286,0.10786568360702631,1.0,1.0121715582139708,570.1942408423782,1.0314033162809193,177.62196384264226,0,174.9,3683752243,74,5740,4104
s1_recovery,large,2,joint,v2_within_valence_ucentered,False,2000,0.95,e_r50,1.0,b_f,0.3,0.31472014619083255,0.05781109237423626,0.21908354862126045,0.4134329971843553,1.0,1.0234438379774424,248.09306811622696,1.0314033162809193,177.62196384264226,0,174.9,3683752243,74,5740,4104
s1_recovery,large,2,joint,v2_within_valence_ucentered,False,2000,0.95,e_r50,1.0,b_vt,-0.65,-0.688365684274076,0.04585262986487953,-0.7650923844873028,-0.6135384557058552,1.0,1.0238168645264432,322.3214345230357,1.0314033162809193,177.62196384264226,0,174.9,3683752243,74,5740,4104
s1_recovery,large,2,joint,v2_within_valence_ucentered,False,2000,0.95,e_r50,1.0,g_z,-0.4330127018922193,-0.594542983407278,0.2304940339120775,-0.9928899698322261,-0.22651422981407696,1.0,1.0071635471959233,964.2207508895564,1.0314033162809193,177.62196384264226,0,174.9,3683752243,74,5740,4104
s1_recovery,large,2,joint,v2_within_valence_ucentered,False,2000,0.95,e_r50,1.0,g_vt,-1.25,-1.5294819999787082,0.24830897401338725,-1.9422977206486258,-1.1388952009008306,1.0,1.0024265352562982,1316.573083068163,1.0314033162809193,177.62196384264226,0,174.9,3683752243,74,5740,4104
s1_recovery,large,2,joint,v2_within_valence_ucentered,False,2000,0.95,e_r50,1.0,g_s,-0.3,-0.6071412465169946,0.26570247629959454,-1.0660493802892055,-0.1816464479453992,1.0,1.0034727700828083,880.254325002182,1.0314033162809193,177.62196384264226,0,174.9,3683752243,74,5740,4104
s1_recovery,large,2,joint,v2_within_valence_ucentered,False,2000,0.95,e_r50,1.0,c_z,-0.15588457268119893,-0.17003284201975952,0.05060580385180559,-0.25421333611604946,-0.08974503604274824,1.0,1.016229798036687,263.92526682303674,1.0314033162809193,177.62196384264226,0,174.9,3683752243,74,5740,4104
s1_recovery,small,3,joint,v2_within_valence,False,2000,0.95,f_only,1.0,b_z,-0.25980762113533157,0.324209130831145,0.27796142787715605,-0.14440563651869773,0.7301772770383881,1.0,1.106734962224363,31.13907754209761,1.5643723056450662,7.065852294472091,2,558.4,3062413002,60,731,695
s1_recovery,small,3,joint,v2_within_valence,False,2000,0.95,f_only,1.0,b_m,0.0,-0.008616378955777056,0.3493947207660854,-0.6727550129798117,0.4937223847143994,1.0,1.036169272444288,103.85589202424475,1.5643723056450662,7.065852294472091,2,558.4,3062413002,60,731,695
s1_recovery,small,3,joint,v2_within_valence,False,2000,0.95,f_only,1.0,b_f,0.3,0.03926685550949217,0.22880462986873987,-0.36803883714681235,0.38014600732698645,1.0,1.0199814084642902,229.14564398396362,1.5643723056450662,7.065852294472091,2,558.4,3062413002,60,731,695
s1_recovery,small,3,joint,v2_within_valence,False,2000,0.95,f_only,1.0,b_vt,-0.65,-0.47222952717292754,0.0932578659626848,-0.6153926983128594,-0.3188955165830225,1.0,1.0123731247487326,312.1371467945337,1.5643723056450662,7.065852294472091,2,558.4,3062413002,60,731,695
s1_recovery,small,3,joint,v2_within_valence,False,2000,0.95,f_only,1.0,g_z,-0.4330127018922193,0.2068775464142596,0.7608190120435864,-1.0155193326802177,1.4486823722911109,1.0,1.0483439205942202,84.56325150398706,1.5643723056450662,7.065852294472091,2,558.4,3062413002,60,731,695
s1_recovery,small,3,joint,v2_within_valence,False,2000,0.95,f_only,1.0,g_vt,-1.25,-1.266080232324244,0.23269228546945916,-1.6699197316720187,-0.9127457261421934,1.0,1.0060330485413735,881.7774689468926,1.5643723056450662,7.065852294472091,2,558.4,3062413002,60,731,695
s1_recovery,small,3,joint,v2_within_valence,False,2000,0.95,f_only,1.0,g_s,-0.3,-0.44557015414784323,0.25670501939391505,-0.8737558752179498,-0.03218835468627264,1.0,1.0011599266613,1308.8697880835973,1.5643723056450662,7.065852294472091,2,558.4,3062413002,60,731,695
s1_recovery,small,3,joint,v2_within_valence,False,2000,0.95,f_only,1.0,c_z,-0.15588457268119893,0.33221006040897777,0.1928950458689389,0.09751542871375413,0.6728624402130706,1.0,1.1702232853461978,17.619822013433993,1.5643723056450662,7.065852294472091,2,558.4,3062413002,60,731,695
s1_recovery,large,8,joint,v2_within_valence_ucentered,False,2000,0.95,e_r50,1.0,b_z,-0.25980762113533157,-0.2735656781283701,0.055161435341578774,-0.36407467318168907,-0.18489431453829874,1.0,1.0123586118485661,279.4372138716662,1.0154721287256028,279.4372138716662,0,190.1,2779435068,66,5621,4056
s1_recovery,large,8,joint,v2_within_valence_ucentered,False,2000,0.95,e_r50,1.0,b_m,0.0,-0.03217124667978862,0.09674335585572408,-0.19104869388198806,0.12359712069951295,1.0,1.002823319080314,708.8819831472564,1.0154721287256028,279.4372138716662,0,190.1,2779435068,66,5621,4056
s1_recovery,large,8,joint,v2_within_valence_ucentered,False,2000,0.95,e_r50,1.0,b_f,0.3,0.36479687893992213,0.04788217937329578,0.2868174832124354,0.4462345003893376,1.0,1.0154721287256028,353.7955130736172,1.0154721287256028,279.4372138716662,0,190.1,2779435068,66,5621,4056
s1_recovery,large,8,joint,v2_within_valence_ucentered,False,2000,0.95,e_r50,1.0,b_vt,-0.65,-0.6688860442599285,0.042699423873815534,-0.7377761430536173,-0.5982362758342102,1.0,1.006057420992493,520.109592688676,1.0154721287256028,279.4372138716662,0,190.1,2779435068,66,5621,4056
s1_recovery,large,8,joint,v2_within_valence_ucentered,False,2000,0.95,e_r50,1.0,g_z,-0.4330127018922193,-0.2967493238957248,0.23075266998266664,-0.675086517785177,0.07616721014402326,1.0,1.0011470259318451,1491.0005118364047,1.0154721287256028,279.4372138716662,0,190.1,2779435068,66,5621,4056
s1_recovery,large,8,joint,v2_within_valence_ucentered,False,2000,0.95,e_r50,1.0,g_vt,-1.25,-1.3893996532604171,0.20898028038650346,-1.747174027751728,-1.0603564096200553,1.0,1.0025841067455616,1756.9131941072683,1.0154721287256028,279.4372138716662,0,190.1,2779435068,66,5621,4056
s1_recovery,large,8,joint,v2_within_valence_ucentered,False,2000,0.95,e_r50,1.0,g_s,-0.3,-0.5203835171282951,0.23321294528835246,-0.9265339266704887,-0.15234602516132872,1.0,1.0029578257596439,1280.5769721959286,1.0154721287256028,279.4372138716662,0,190.1,2779435068,66,5621,4056
s1_recovery,large,8,joint,v2_within_valence_ucentered,False,2000,0.95,e_r50,1.0,c_z,-0.15588457268119893,-0.1454816992104583,0.05059930582659296,-0.231259278102005,-0.06476032041745301,1.0,1.007645079442643,426.3003224141094,1.0154721287256028,279.4372138716662,0,190.1,2779435068,66,5621,4056
s1_recovery,large,16,joint,v2_within_valence_ucentered,False,2000,0.95,e_r50,1.0,b_z,-0.25980762113533157,-0.22014086905041036,0.05778010333927308,-0.31825290581613724,-0.12714969202786755,1.0,1.0284782594617563,205.22201870038148,1.0284782594617563,205.22201870038148,0,181.1,2402315689,58,5811,4267
s1_recovery,large,16,joint,v2_within_valence_ucentered,False,2000,0.95,e_r50,1.0,b_m,0.0,0.05454421290922796,0.10454888477093766,-0.11823662129039762,0.22629491449635153,1.0,1.0073878755048848,502.64019589343826,1.0284782594617563,205.22201870038148,0,181.1,2402315689,58,5811,4267
s1_recovery,large,16,joint,v2_within_valence_ucentered,False,2000,0.95,e_r50,1.0,b_f,0.3,0.24206636238486282,0.04429463896844818,0.17177032699720432,0.3169088541122155,1.0,1.0063481247263952,448.1935806241726,1.0284782594617563,205.22201870038148,0,181.1,2402315689,58,5811,4267
s1_recovery,large,16,joint,v2_within_valence_ucentered,False,2000,0.95,e_r50,1.0,b_vt,-0.65,-0.6249603797132869,0.04294664327501126,-0.6974596724331908,-0.5541953987724294,1.0,1.0085373247842369,508.0224352998764,1.0284782594617563,205.22201870038148,0,181.1,2402315689,58,5811,4267
s1_recovery,large,16,joint,v2_within_valence_ucentered,False,2000,0.95,e_r50,1.0,g_z,-0.4330127018922193,-0.6965258641418091,0.28521306039107563,-1.184805551808988,-0.24350702743745278,1.0,1.0016093949306597,964.3814945257005,1.0284782594617563,205.22201870038148,0,181.1,2402315689,58,5811,4267
s1_recovery,large,16,joint,v2_within_valence_ucentered,False,2000,0.95,e_r50,1.0,g_vt,-1.25,-1.8610102295690045,0.27583458754535767,-2.339500280711421,-1.4352579050231316,1.0,1.002363798450749,1469.8383530040096,1.0284782594617563,205.22201870038148,0,181.1,2402315689,58,5811,4267
s1_recovery,large,16,joint,v2_within_valence_ucentered,False,2000,0.95,e_r50,1.0,g_s,-0.3,-0.6485007648805899,0.28480158590725146,-1.1399333061384864,-0.19601693071688234,1.0,1.0020977278251193,1385.73755864134,1.0284782594617563,205.22201870038148,0,181.1,2402315689,58,5811,4267
s1_recovery,large,16,joint,v2_within_valence_ucentered,False,2000,0.95,e_r50,1.0,c_z,-0.15588457268119893,-0.14969513020955094,0.05304851822004764,-0.236760238950906,-0.06123747000397985,1.0,1.0268191800529367,212.38628050792954,1.0284782594617563,205.22201870038148,0,181.1,2402315689,58,5811,4267
s2_register,small,7,joint,v2_within_valence,False,2000,0.95,e_r50,1.0,b_z,0.0,0.1163731312687444,0.08174126398392034,-0.015168802582437111,0.24835562702277414,1.0,1.001865574313128,985.948047194698,1.0066644487927474,932.4775602014406,0,162.2,1926613916,58,695,665
s2_register,small,7,joint,v2_within_valence,False,2000,0.95,e_r50,1.0,b_m,0.0,0.0448082316425599,0.1441916177230213,-0.1871464630669731,0.28404333584649355,1.0,1.0001271499948232,2198.849849641579,1.0066644487927474,932.4775602014406,0,162.2,1926613916,58,695,665
s2_register,small,7,joint,v2_within_valence,False,2000,0.95,e_r50,1.0,b_f,0.3,0.09148034974268618,0.06262760255996494,-0.012417879642769095,0.19391542833276007,1.0,1.0002081154387306,1842.7004653541208,1.0066644487927474,932.4775602014406,0,162.2,1926613916,58,695,665
s2_register,small,7,joint,v2_within_valence,False,2000,0.95,e_r50,1.0,b_vt,-0.5,-0.42995268864552716,0.05725211763863058,-0.5225934923976496,-0.33443809241119166,1.0,1.001250303668365,2366.1189894582476,1.0066644487927474,932.4775602014406,0,162.2,1926613916,58,695,665
s2_register,small,7,joint,v2_within_valence,False,2000,0.95,e_r50,1.0,g_z,-0.4330127018922193,-0.06646371488946962,0.23045716549753562,-0.4526930773461469,0.3007976485210161,1.0,1.0003409791973206,1892.0625209916723,1.0066644487927474,932.4775602014406,0,162.2,1926613916,58,695,665
s2_register,small,7,joint,v2_within_valence,False,2000,0.95,e_r50,1.0,g_vt,-1.25,-0.7484464283776043,0.18107246743809982,-1.0451381114745435,-0.45401327526544893,1.0,1.0013138952261207,3317.6737646184674,1.0066644487927474,932.4775602014406,0,162.2,1926613916,58,695,665
s2_register,small,7,joint,v2_within_valence,False,2000,0.95,e_r50,1.0,g_s,-0.3,-0.0537613446833874,0.23428147089515283,-0.4348050000851378,0.33041325439234165,1.0,1.0061403270409448,1882.6586479938048,1.0066644487927474,932.4775602014406,0,162.2,1926613916,58,695,665
s2_register,small,7,joint,v2_within_valence,False,2000,0.95,e_r50,1.0,c_z,0.10392304845413262,0.14831184703666406,0.07320166152561708,0.02752744639966304,0.2664412322367024,1.0,1.0013054624338695,1047.235946595659,1.0066644487927474,932.4775602014406,0,162.2,1926613916,58,695,665
s2_register,small,15,joint,v2_within_valence,False,2000,0.95,e_r50,1.0,b_z,0.0,0.17709550033178137,0.10823167372022703,0.0032737049238195383,0.35644716881805993,1.0,1.0090754084221862,455.15890198180625,1.0090754084221862,455.15890198180625,0,141.3,4280075899,60,683,644
s2_register,small,15,joint,v2_within_valence,False,2000,0.95,e_r50,1.0,b_m,0.0,-0.13812097011382093,0.1578335039826036,-0.39595313681922323,0.11862416164022668,1.0,1.0013366937963553,1866.0521850055259,1.0090754084221862,455.15890198180625,0,141.3,4280075899,60,683,644
s2_register,small,15,joint,v2_within_valence,False,2000,0.95,e_r50,1.0,b_f,0.3,0.02197463048604682,0.07900459697884116,-0.1124622510515025,0.14939902996545198,1.0,1.0055565850593795,670.6261658391851,1.0090754084221862,455.15890198180625,0,141.3,4280075899,60,683,644
s2_register,small,15,joint,v2_within_valence,False,2000,0.95,e_r50,1.0,b_vt,-0.5,-0.34596287962363664,0.06790065914064844,-0.4572673286225206,-0.2353147345960599,1.0,1.0018552028552568,1057.725862706781,1.0090754084221862,455.15890198180625,0,141.3,4280075899,60,683,644
s2_register,small,15,joint,v2_within_valence,False,2000,0.95,e_r50,1.0,g_z,-0.4330127018922193,-0.4315424159608789,0.2795071093119617,-0.9187786809144448,0.0036627931301205004,1.0,1.002870501049556,1201.4928962757544,1.0090754084221862,455.15890198180625,0,141.3,4280075899,60,683,644
s2_register,small,15,joint,v2_within_valence,False,2000,0.95,e_r50,1.0,g_vt,-1.25,-1.3305614455657186,0.2119802204205592,-1.6825743029264306,-0.9976743398150457,1.0,1.0006562355985231,2446.01743393025,1.0090754084221862,455.15890198180625,0,141.3,4280075899,60,683,644
s2_register,small,15,joint,v2_within_valence,False,2000,0.95,e_r50,1.0,g_s,-0.3,-0.3260303746874115,0.25895441131591285,-0.7528706801256423,0.0842244423618137,1.0,1.0018190597880807,1527.7595558703147,1.0090754084221862,455.15890198180625,0,141.3,4280075899,60,683,644
s2_register,small,15,joint,v2_within_valence,False,2000,0.95,e_r50,1.0,c_z,0.10392304845413262,0.18568547681960687,0.08726733558995448,0.0420526395070913,0.3288160373091533,1.0,1.0078870629347148,523.5672259945756,1.0090754084221862,455.15890198180625,0,141.3,4280075899,60,683,644
