cell,kind,K,rho_zs,beta_z,story,fit,estimand,n,truth,cover90,mcse90,cover50,mcse50,bias,rmse,width90,excl0,typeS,typeM,rhat>1.01,div>0,sec_median,support,against
L2-00,core,300,0.0,0.0,A,adj,apc_s,60,-0.07861729088031578,0.85,0.046097722286464436,0.43333333333333335,0.06397337409104348,0.01581905259931208,0.03962878384431008,0.1191302904823232,0.5666666666666667,0.0,1.1326023957071518,0.0,0.0,7.5,,
L2-00,core,300,0.0,0.0,A,adj,apc_z,60,0.0,0.8666666666666667,0.04388537257362555,0.5166666666666667,0.06451385151296608,-2.834079547362206e-05,0.030294443042339192,0.09853748949233934,0.13333333333333333,,,0.0,0.0,7.5,0.0,0.25
L2-00,core,300,0.0,0.0,A,adj,bzC,60,0.0,0.9833333333333333,0.016527194200715044,0.5666666666666667,0.06397337409104348,-0.005907126162704142,0.18312991168566758,0.8499821003928021,0.016666666666666666,,,0.0,0.0,7.5,,
L2-00,core,300,0.0,0.0,A,unadj,apc_s,60,-0.07861729088031578,0.8666666666666667,0.04388537257362555,0.38333333333333336,0.06276794416591017,0.016206366577275397,0.03967839460907646,0.11844182345217821,0.5166666666666667,0.0,1.1650200543472649,0.0,0.0,9.55,,
L2-00,core,300,0.0,0.0,A,unadj,apc_z,60,0.0,0.8833333333333333,0.04144384867012948,0.5166666666666667,0.06451385151296608,-0.00025245795619221713,0.03039786114780561,0.0980140050448069,0.11666666666666667,,,0.0,0.0,9.55,0.0,0.21666666666666667
L2-00,core,300,0.0,0.0,A,unadj,bzC,60,0.0,0.9833333333333333,0.016527194200715044,0.5833333333333334,0.06364688465216445,-0.0063543629630968875,0.18363313368702072,0.8421729194834666,0.016666666666666666,,,0.0,0.0,9.55,,
L2-01,core,300,0.0,0.0,B,adj,apc_s,60,-0.08098456026023318,0.9666666666666667,0.023174059571793564,0.6166666666666667,0.06276794416591015,0.008127389020948575,0.029675211880391874,0.11289639000322405,0.7833333333333333,0.0,1.0319476211236573,0.0,0.0,6.9,,
L2-01,core,300,0.0,0.0,B,adj,apc_z,60,0.0,0.9,0.03872983346207417,0.43333333333333335,0.06397337409104348,-0.0011414860356196489,0.032591557652527595,0.09736766184705425,0.1,,,0.0,0.0,6.9,0.016666666666666666,0.31666666666666665
L2-01,core,300,0.0,0.0,B,adj,bzC,60,0.0,0.9666666666666667,0.023174059571793564,0.5666666666666667,0.06397337409104348,-0.01718893407047376,0.20924512565170245,0.868329487705626,0.03333333333333333,,,0.0,0.0,6.9,,
L2-01,core,300,0.0,0.0,B,unadj,apc_s,60,-0.08098456026023318,0.95,0.0281365716935569,0.5333333333333333,0.06440611887195306,0.002651905354915974,0.03195333036654799,0.12120994285357556,0.7333333333333333,0.0,1.1325507027610813,0.0,0.016666666666666666,7.85,,
L2-01,core,300,0.0,0.0,B,unadj,apc_z,60,0.0,0.8833333333333333,0.04144384867012948,0.5,0.06454972243679027,-0.0006505691821112814,0.0334704589780569,0.09968805555975399,0.11666666666666667,,,0.0,0.016666666666666666,7.85,0.016666666666666666,0.25
L2-01,core,300,0.0,0.0,B,unadj,bzC,60,0.0,0.9666666666666667,0.023174059571793564,0.5833333333333334,0.06364688465216445,-0.013706911578595044,0.20833337256228868,0.8512089876910922,0.03333333333333333,,,0.0,0.016666666666666666,7.85,,
L2-02,core,300,0.0,-0.4,A,adj,apc_s,60,-0.0755577048641101,0.8666666666666667,0.04388537257362555,0.43333333333333335,0.06397337409104348,0.0020796508934721233,0.03955970771791502,0.11855726481996534,0.5666666666666667,0.0,1.315439866686742,0.0,0.016666666666666666,6.35,,
L2-02,core,300,0.0,-0.4,A,adj,apc_z,60,-0.07820762307219782,0.9166666666666666,0.035681201607403144,0.5833333333333334,0.06364688465216445,-0.0003844899717984179,0.025700672894543475,0.09675345734530211,0.85,0.0,1.0963815775765453,0.0,0.016666666666666666,6.35,0.5333333333333333,0.0
L2-02,core,300,0.0,-0.4,A,adj,bzC,60,-0.39999999999999986,0.9666666666666667,0.023174059571793564,0.7166666666666667,0.05817438662555248,-0.060888045023213655,0.1898567108901014,0.9262279565502647,0.4666666666666667,0.0,1.519604935741537,0.0,0.016666666666666666,6.35,,
L2-02,core,300,0.0,-0.4,A,unadj,apc_s,60,-0.0755577048641101,0.9,0.03872983346207417,0.5,0.06454972243679027,0.0028057646632270385,0.03907257496585892,0.1190708233361663,0.5666666666666667,0.0,1.3055174016028683,0.0,0.0,8.850000000000001,,
L2-02,core,300,0.0,-0.4,A,unadj,apc_z,60,-0.07820762307219782,0.9166666666666666,0.035681201607403144,0.55,0.06422616289332565,0.0004170414917947722,0.025408237114006964,0.096654302313753,0.8666666666666667,0.0,1.0769384337418535,0.0,0.0,8.850000000000001,0.48333333333333334,0.0
L2-02,core,300,0.0,-0.4,A,unadj,bzC,60,-0.39999999999999986,0.9666666666666667,0.023174059571793564,0.6833333333333333,0.06005398805642704,-0.04904880413102486,0.18024892665214196,0.9304236696315483,0.4166666666666667,0.0,1.516435527399497,0.0,0.0,8.850000000000001,,
L2-03,core,300,0.0,-0.4,B,adj,apc_s,60,-0.07781228356964247,0.8666666666666667,0.04388537257362555,0.48333333333333334,0.06451385151296608,0.010806014035707572,0.0349754102154224,0.11133955924908465,0.65,0.0,1.1101424895899616,0.0,0.0,6.4,,
L2-03,core,300,0.0,-0.4,B,adj,apc_z,60,-0.08021736612547879,0.85,0.046097722286464436,0.43333333333333335,0.06397337409104348,0.001203970602887493,0.03163733192835018,0.09424740795849601,0.8,0.0,1.1228132025163875,0.0,0.0,6.4,0.5333333333333333,0.0
L2-03,core,300,0.0,-0.4,B,adj,bzC,60,-0.39999999999999986,0.9666666666666667,0.023174059571793564,0.5166666666666667,0.06451385151296608,-0.10942557651848187,0.2519380281386368,0.9171496468452716,0.55,0.0,1.6741894815156175,0.0,0.0,6.4,,
L2-03,core,300,0.0,-0.4,B,unadj,apc_s,60,-0.07781228356964247,0.85,0.046097722286464436,0.48333333333333334,0.06451385151296608,0.004183077968167006,0.03664051144229404,0.11735069897769124,0.6666666666666666,0.0,1.2096140900069379,0.0,0.0,8.149999999999999,,
L2-03,core,300,0.0,-0.4,B,unadj,apc_z,60,-0.08021736612547879,0.85,0.046097722286464436,0.4,0.06324555320336758,-0.0033573186924514926,0.0323270300960941,0.09575656116453846,0.85,0.0,1.1514098550176257,0.0,0.0,8.149999999999999,0.55,0.0
L2-03,core,300,0.0,-0.4,B,unadj,bzC,60,-0.39999999999999986,0.9666666666666667,0.023174059571793564,0.5166666666666667,0.06451385151296608,-0.11819978531805084,0.25410121598928276,0.9118170002523287,0.5833333333333334,0.0,1.653164596423233,0.0,0.0,8.149999999999999,,
L2-04,core,300,-0.5,0.0,A,adj,apc_s,60,-0.07859525047977418,0.85,0.046097722286464436,0.4666666666666667,0.06440611887195306,0.002055121828205028,0.05201038419889974,0.1548723111845206,0.4666666666666667,0.0,1.507077075465529,0.05,0.0,6.3,,
L2-04,core,300,-0.5,0.0,A,adj,apc_z,60,0.0,0.9,0.03872983346207417,0.5666666666666667,0.06397337409104348,-0.003392109510236866,0.039517452267000985,0.13319215959722566,0.1,,,0.05,0.0,6.3,0.0,0.16666666666666666
L2-04,core,300,-0.5,0.0,A,adj,bzC,60,0.0,0.95,0.0281365716935569,0.5833333333333334,0.06364688465216445,-0.04115677803672431,0.2701322178723186,1.065441951421445,0.05,,,0.05,0.0,6.3,,
L2-04,core,300,-0.5,0.0,A,unadj,apc_s,60,-0.07859525047977418,0.85,0.046097722286464436,0.5,0.06454972243679027,0.002266072880898279,0.05221157330667404,0.15431412540422362,0.45,0.0,1.505454822589333,0.03333333333333333,0.0,8.1,,
L2-04,core,300,-0.5,0.0,A,unadj,apc_z,60,0.0,0.9,0.03872983346207417,0.5166666666666667,0.06451385151296608,-0.003192372131682246,0.04020888074281432,0.13568109252086447,0.1,,,0.03333333333333333,0.0,8.1,0.0,0.15
L2-04,core,300,-0.5,0.0,A,unadj,bzC,60,0.0,0.9833333333333333,0.016527194200715044,0.5833333333333334,0.06364688465216445,-0.04154476022630673,0.2677353975483516,1.0722534843875509,0.016666666666666666,,,0.03333333333333333,0.0,8.1,,
L2-05,core,300,-0.5,0.0,B,adj,apc_s,60,-0.0810238923206114,0.8666666666666667,0.04388537257362555,0.4166666666666667,0.06364688465216445,0.010034589280585671,0.04476753713411712,0.14372424624373684,0.4666666666666667,0.0,1.3394260737521875,0.0,0.0,6.6,,
L2-05,core,300,-0.5,0.0,B,adj,apc_z,60,0.0,0.85,0.046097722286464436,0.4666666666666667,0.06440611887195306,-0.011525776687071379,0.043379683640854344,0.1223065315081496,0.15,,,0.0,0.0,6.6,0.016666666666666666,0.2
L2-05,core,300,-0.5,0.0,B,adj,bzC,60,0.0,0.95,0.0281365716935569,0.5833333333333334,0.06364688465216445,-0.07292343207648325,0.27044585515261677,1.0567542412046018,0.05,,,0.0,0.0,6.6,,
L2-05,core,300,-0.5,0.0,B,unadj,apc_s,60,-0.0810238923206114,0.9166666666666666,0.035681201607403144,0.5166666666666667,0.06451385151296608,0.00218475430249826,0.0463912059249776,0.15196541495043447,0.4666666666666667,0.0,1.4681904804990715,0.03333333333333333,0.016666666666666666,7.55,,
L2-05,core,300,-0.5,0.0,B,unadj,apc_z,60,0.0,0.8333333333333334,0.04811252243246881,0.43333333333333335,0.06397337409104348,-0.012217832244727247,0.045813707363410346,0.12724434673947163,0.16666666666666666,,,0.03333333333333333,0.016666666666666666,7.55,0.016666666666666666,0.2
L2-05,core,300,-0.5,0.0,B,unadj,bzC,60,0.0,0.95,0.0281365716935569,0.6166666666666667,0.06276794416591015,-0.0756935353188457,0.2755988158957847,1.041487260327558,0.05,,,0.03333333333333333,0.016666666666666666,7.55,,
L2-06,core,300,-0.5,-0.4,A,adj,apc_s,60,-0.0779249656441828,0.9166666666666666,0.035681201607403144,0.4666666666666667,0.06440611887195306,-0.007211911719784169,0.045253178012444294,0.14891988230235848,0.55,0.0,1.5012483943115098,0.016666666666666666,0.016666666666666666,6.4,,
L2-06,core,300,-0.5,-0.4,A,adj,apc_z,60,-0.08051502467641579,0.95,0.0281365716935569,0.5166666666666667,0.06451385151296608,-0.006277081072399034,0.04089763417945642,0.1296571565124135,0.7,0.0,1.2969303835141774,0.016666666666666666,0.016666666666666666,6.4,0.36666666666666664,0.0
L2-06,core,300,-0.5,-0.4,A,adj,bzC,60,-0.39999999999999986,0.95,0.0281365716935569,0.6,0.06324555320336758,-0.1167665188030437,0.30931063159172,1.1860739289028301,0.36666666666666664,0.0,1.9849530656501855,0.016666666666666666,0.016666666666666666,6.4,,
L2-06,core,300,-0.5,-0.4,A,unadj,apc_s,60,-0.0779249656441828,0.9166666666666666,0.035681201607403144,0.43333333333333335,0.06397337409104348,-0.005466634377761461,0.04512525880408006,0.1506711250233975,0.5166666666666667,0.0,1.5159229747060157,0.016666666666666666,0.0,7.3,,
L2-06,core,300,-0.5,-0.4,A,unadj,apc_z,60,-0.08051502467641579,0.9333333333333333,0.032203059435976525,0.5166666666666667,0.06451385151296608,-0.005331695970818841,0.04095220125498501,0.13299920859658237,0.6833333333333333,0.0,1.300022973716152,0.016666666666666666,0.0,7.3,0.36666666666666664,0.0
L2-06,core,300,-0.5,-0.4,A,unadj,bzC,60,-0.39999999999999986,0.95,0.0281365716935569,0.5833333333333334,0.06364688465216445,-0.09884433597579369,0.2979112156636088,1.1768646453655336,0.35,0.0,1.9673340118037088,0.016666666666666666,0.0,7.3,,
L2-07,core,300,-0.5,-0.4,B,adj,apc_s,60,-0.08032886522843549,0.95,0.0281365716935569,0.5666666666666667,0.06397337409104348,0.010527908448316348,0.04024761975613947,0.1456788260849582,0.5,0.0,1.2539754918442285,0.0,0.0,6.8,,
L2-07,core,300,-0.5,-0.4,B,adj,apc_z,60,-0.08262904575742369,0.95,0.0281365716935569,0.5666666666666667,0.06397337409104348,0.004056460614586653,0.0318724881516473,0.1270650998384511,0.7666666666666667,0.0,1.0937905115321682,0.0,0.0,6.8,0.2833333333333333,0.0
L2-07,core,300,-0.5,-0.4,B,adj,bzC,60,-0.39999999999999986,0.9666666666666667,0.023174059571793564,0.7166666666666667,0.05817438662555248,-0.08544563661714762,0.248189924414327,1.1571966141339298,0.36666666666666664,0.0,1.7816819796241328,0.0,0.0,6.8,,
L2-07,core,300,-0.5,-0.4,B,unadj,apc_s,60,-0.08032886522843549,0.9666666666666667,0.023174059571793564,0.5333333333333333,0.06440611887195306,0.0010114045742791857,0.041184943940475296,0.15403931480511673,0.55,0.0,1.36912690922787,0.016666666666666666,0.0,7.2,,
L2-07,core,300,-0.5,-0.4,B,unadj,apc_z,60,-0.08262904575742369,0.9666666666666667,0.023174059571793564,0.6,0.06324555320336758,-0.003916550730742281,0.034096128070434314,0.13120450125662414,0.8,0.0,1.19936048803497,0.016666666666666666,0.0,7.2,0.36666666666666664,0.0
L2-07,core,300,-0.5,-0.4,B,unadj,bzC,60,-0.39999999999999986,1.0,0.0,0.55,0.06422616289332565,-0.11147549221847074,0.26438148293392016,1.1741637189141967,0.35,0.0,1.8879389427116797,0.016666666666666666,0.0,7.2,,
L2-08,core,300,-0.8,0.0,A,adj,apc_s,60,-0.07863669917354917,0.8833333333333333,0.04144384867012948,0.5333333333333333,0.06440611887195306,0.014594444407851102,0.06514533232074243,0.2604048086596198,0.15,0.0,2.136122219170984,0.31666666666666665,0.0,5.8,,
L2-08,core,300,-0.8,0.0,A,adj,apc_z,60,0.0,0.9,0.03872983346207417,0.5833333333333334,0.06364688465216445,0.010685988316403217,0.0593373503598952,0.24692210670894393,0.1,,,0.31666666666666665,0.0,5.8,0.0,0.1
L2-08,core,300,-0.8,0.0,A,adj,bzC,60,0.0,0.9333333333333333,0.032203059435976525,0.6666666666666666,0.06085806194501846,0.06725331391468027,0.3745631772941591,1.7717816754994935,0.06666666666666667,,,0.31666666666666665,0.0,5.8,,
L2-08,core,300,-0.8,0.0,A,unadj,apc_s,60,-0.07863669917354917,0.8833333333333333,0.04144384867012948,0.6166666666666667,0.06276794416591015,0.012253996552657482,0.06484993171641178,0.26489816378058106,0.16666666666666666,0.0,2.093962320668435,0.2833333333333333,0.0,7.4,,
L2-08,core,300,-0.8,0.0,A,unadj,apc_z,60,0.0,0.9,0.03872983346207417,0.6166666666666667,0.06276794416591015,0.008750489027502691,0.05863688991932902,0.25211401571179903,0.1,,,0.2833333333333333,0.0,7.4,0.0,0.1
L2-08,core,300,-0.8,0.0,A,unadj,bzC,60,0.0,0.95,0.0281365716935569,0.6833333333333333,0.06005398805642704,0.053536857621059905,0.3633718227847492,1.738256057033026,0.05,,,0.2833333333333333,0.0,7.4,,
L2-09,core,300,-0.8,0.0,B,adj,apc_s,60,-0.08103166720873589,0.9333333333333333,0.032203059435976525,0.5333333333333333,0.06440611887195306,0.0069952335001003335,0.056806053526653286,0.23994514683199125,0.21666666666666667,0.0,1.8481843758547147,0.18333333333333332,0.0,6.2,,
L2-09,core,300,-0.8,0.0,B,adj,apc_z,60,0.0,0.95,0.0281365716935569,0.5333333333333333,0.06440611887195306,-0.009176604399411922,0.05389042547324136,0.23364980068177227,0.05,,,0.18333333333333332,0.0,6.2,0.0,0.05
L2-09,core,300,-0.8,0.0,B,adj,bzC,60,0.0,0.9833333333333333,0.016527194200715044,0.5666666666666667,0.06397337409104348,-0.059017184470080954,0.3581867386090085,1.721994660584783,0.016666666666666666,,,0.18333333333333332,0.0,6.2,,
L2-09,core,300,-0.8,0.0,B,unadj,apc_s,60,-0.08103166720873589,0.95,0.0281365716935569,0.5166666666666667,0.06451385151296608,-0.0023393762148550545,0.062261111840203553,0.26223658953863893,0.23333333333333334,0.0,2.0372118009914653,0.15,0.0,7.6,,
L2-09,core,300,-0.8,0.0,B,unadj,apc_z,60,0.0,0.9166666666666666,0.035681201607403144,0.5166666666666667,0.06451385151296608,-0.01203777008491261,0.05870961220754559,0.24455301050793085,0.08333333333333333,,,0.15,0.0,7.6,0.0,0.05
L2-09,core,300,-0.8,0.0,B,unadj,bzC,60,0.0,0.9833333333333333,0.016527194200715044,0.5833333333333334,0.06364688465216445,-0.07862692903110109,0.3722285126915296,1.7273691962643722,0.016666666666666666,,,0.15,0.0,7.6,,
L2-10,core,300,-0.8,-0.4,A,adj,apc_s,60,-0.07948506925733008,0.8333333333333334,0.04811252243246881,0.4666666666666667,0.06440611887195306,0.03449139088030405,0.07699597909662262,0.2546194236564661,0.1,0.16666666666666666,1.7173702263191801,0.3,0.0,6.5,,
L2-10,core,300,-0.8,-0.4,A,adj,apc_z,60,-0.08203612198209627,0.9,0.03872983346207417,0.5166666666666667,0.06451385151296608,0.01639920579978863,0.060075416418970004,0.2339312134898889,0.15,0.0,1.868580926761613,0.3,0.0,6.5,0.06666666666666667,0.0
L2-10,core,300,-0.8,-0.4,A,adj,bzC,60,-0.39999999999999986,0.9666666666666667,0.023174059571793564,0.6,0.06324555320336758,0.05707095712608216,0.3730770045076077,1.7691369807304926,0.05,0.0,2.730131893721211,0.3,0.0,6.5,,
L2-10,core,300,-0.8,-0.4,A,unadj,apc_s,60,-0.07948506925733008,0.8666666666666667,0.04388537257362555,0.48333333333333334,0.06451385151296608,0.03453811317836232,0.07778219050719687,0.2546607976302301,0.11666666666666667,0.14285714285714285,1.718139117970012,0.26666666666666666,0.0,6.65,,
L2-10,core,300,-0.8,-0.4,A,unadj,apc_z,60,-0.08203612198209627,0.9166666666666666,0.035681201607403144,0.5,0.06454972243679027,0.015809220717310477,0.061185537437735096,0.24012832640420323,0.16666666666666666,0.0,1.8863353267443774,0.26666666666666666,0.0,6.65,0.06666666666666667,0.0
L2-10,core,300,-0.8,-0.4,A,unadj,bzC,60,-0.39999999999999986,0.9666666666666667,0.023174059571793564,0.5833333333333334,0.06364688465216445,0.057130688390490084,0.3763154565864709,1.7746877889911283,0.08333333333333333,0.0,2.578539370110336,0.26666666666666666,0.0,6.65,,
L2-11,core,300,-0.8,-0.4,B,adj,apc_s,60,-0.08205383855561951,0.9333333333333333,0.032203059435976525,0.5833333333333334,0.06364688465216445,0.024642887215153446,0.06085465746984837,0.24740404076126848,0.21666666666666667,0.0,1.5410625594321965,0.3,0.0,6.3,,
L2-11,core,300,-0.8,-0.4,B,adj,apc_z,60,-0.08429435662742027,0.9666666666666667,0.023174059571793564,0.55,0.06422616289332565,0.024506561125486413,0.05794851587916206,0.2325134233631691,0.2,0.0,1.5156463141420125,0.3,0.0,6.3,0.1,0.0
L2-11,core,300,-0.8,-0.4,B,adj,bzC,60,-0.39999999999999986,0.9833333333333333,0.016527194200715044,0.6166666666666667,0.06276794416591015,0.05033304115461848,0.34769240902150017,1.7469262228330766,0.13333333333333333,0.0,2.133883249514425,0.3,0.0,6.3,,
L2-11,core,300,-0.8,-0.4,B,unadj,apc_s,60,-0.08205383855561951,0.9333333333333333,0.032203059435976525,0.6166666666666667,0.06276794416591015,0.014367228603317118,0.06369900019052822,0.25544380260376176,0.2,0.0,1.7619705782655855,0.26666666666666666,0.0,6.3,,
L2-11,core,300,-0.8,-0.4,B,unadj,apc_z,60,-0.08429435662742027,0.95,0.0281365716935569,0.5666666666666667,0.06397337409104348,0.016305420520576114,0.060650330868666794,0.2394605450504004,0.21666666666666667,0.0,1.7288020424500805,0.26666666666666666,0.0,6.3,0.13333333333333333,0.0
L2-11,core,300,-0.8,-0.4,B,unadj,bzC,60,-0.39999999999999986,0.9833333333333333,0.016527194200715044,0.5666666666666667,0.06397337409104348,0.016355821164446872,0.3687138061964063,1.7757002138178881,0.13333333333333333,0.0,2.3458749952640847,0.26666666666666666,0.0,6.3,,
L2-12,core150,150,-0.5,0.0,A,adj,apc_s,60,-0.0784822726624519,0.9,0.03872983346207417,0.4666666666666667,0.06440611887195306,0.01597863173012875,0.06598415918084795,0.20606421662109786,0.2833333333333333,0.058823529411764705,1.7446221745982877,0.0,0.0,4.1,,
L2-12,core150,150,-0.5,0.0,A,adj,apc_z,60,0.0,0.8333333333333334,0.04811252243246881,0.45,0.06422616289332565,0.014040069996905529,0.060246408450330156,0.18371669103177946,0.16666666666666666,,,0.0,0.0,4.1,0.0,0.23333333333333334
L2-12,core150,150,-0.5,0.0,A,adj,bzC,60,0.0,0.95,0.0281365716935569,0.5333333333333333,0.06440611887195306,0.0764331950813654,0.3751001912063184,1.3922608606501061,0.05,,,0.0,0.0,4.1,,
L2-12,core150,150,-0.5,0.0,A,unadj,apc_s,60,-0.0784822726624519,0.8833333333333333,0.04144384867012948,0.5333333333333333,0.06440611887195306,0.016755391051197333,0.06769148325245755,0.21414891636140426,0.25,0.06666666666666667,1.7723953824971974,0.0,0.0,4.2,,
L2-12,core150,150,-0.5,0.0,A,unadj,apc_z,60,0.0,0.8333333333333334,0.04811252243246881,0.4666666666666667,0.06440611887195306,0.014186265144455038,0.0600334251682452,0.18427774885492654,0.16666666666666666,,,0.0,0.0,4.2,0.016666666666666666,0.23333333333333334
L2-12,core150,150,-0.5,0.0,A,unadj,bzC,60,0.0,0.95,0.0281365716935569,0.5,0.06454972243679027,0.07848615520425481,0.3712189404538869,1.400309348130707,0.05,,,0.0,0.0,4.2,,
L2-13,core150,150,-0.5,0.0,B,adj,apc_s,60,-0.08096805377541443,0.9166666666666666,0.035681201607403144,0.5,0.06454972243679027,0.013015449495456795,0.05689879618164957,0.2035005119117801,0.3333333333333333,0.0,1.583110060574726,0.0,0.0,4.4,,
L2-13,core150,150,-0.5,0.0,B,adj,apc_z,60,0.0,0.9333333333333333,0.032203059435976525,0.4666666666666667,0.06440611887195306,-0.008137690749015736,0.05368705875920384,0.17628647448326268,0.06666666666666667,,,0.0,0.0,4.4,0.016666666666666666,0.1
L2-13,core150,150,-0.5,0.0,B,adj,bzC,60,0.0,0.9333333333333333,0.032203059435976525,0.5166666666666667,0.06451385151296608,-0.07368486822072079,0.360700221993735,1.445802317751402,0.06666666666666667,,,0.0,0.0,4.4,,
L2-13,core150,150,-0.5,0.0,B,unadj,apc_s,60,-0.08096805377541443,0.9333333333333333,0.032203059435976525,0.5166666666666667,0.06451385151296608,-8.793503283890265e-05,0.058973500623746636,0.21798211105249765,0.36666666666666664,0.0,1.7247658677724116,0.0,0.0,4.4,,
L2-13,core150,150,-0.5,0.0,B,unadj,apc_z,60,0.0,0.9333333333333333,0.032203059435976525,0.45,0.06422616289332565,-0.011556272996392948,0.05343274350551154,0.18009950105231975,0.06666666666666667,,,0.0,0.0,4.4,0.016666666666666666,0.05
L2-13,core150,150,-0.5,0.0,B,unadj,bzC,60,0.0,0.9666666666666667,0.023174059571793564,0.5333333333333333,0.06440611887195306,-0.09472166416745205,0.35645568433348956,1.4633273784565013,0.03333333333333333,,,0.0,0.0,4.4,,
L2-14,core150,150,-0.5,-0.4,A,adj,apc_s,60,-0.07789443566328587,0.9,0.03872983346207417,0.5166666666666667,0.06451385151296608,0.019620314963284098,0.06293109804692343,0.2040473033047098,0.25,0.0,1.7688695490155777,0.0,0.0,4.3,,
L2-14,core150,150,-0.5,-0.4,A,adj,apc_z,60,-0.08048515663840274,0.8833333333333333,0.04144384867012948,0.5666666666666667,0.06397337409104348,0.012539312905655863,0.05139826831100501,0.17313352252735037,0.31666666666666665,0.0,1.442086616833068,0.0,0.0,4.3,0.15,0.0
L2-14,core150,150,-0.5,-0.4,A,adj,bzC,60,-0.39999999999999986,0.9333333333333333,0.032203059435976525,0.5833333333333334,0.06364688465216445,-0.03035696447073364,0.3602611365393682,1.486465983399446,0.2,0.0,2.27521055191239,0.0,0.0,4.3,,
L2-14,core150,150,-0.5,-0.4,A,unadj,apc_s,60,-0.07789443566328587,0.9,0.03872983346207417,0.5,0.06454972243679027,0.01915933235677091,0.06369011940141758,0.20752533047232702,0.23333333333333334,0.0,1.8390379946089734,0.0,0.0,4.3,,
L2-14,core150,150,-0.5,-0.4,A,unadj,apc_z,60,-0.08048515663840274,0.85,0.046097722286464436,0.5666666666666667,0.06397337409104348,0.012231696457679386,0.051864888744878386,0.1760314949786775,0.35,0.0,1.4156150087645722,0.0,0.0,4.3,0.11666666666666667,0.0
L2-14,core150,150,-0.5,-0.4,A,unadj,bzC,60,-0.39999999999999986,0.9166666666666666,0.035681201607403144,0.5833333333333334,0.06364688465216445,-0.025451751422897004,0.35745279500745947,1.5185398899227205,0.2,0.0,2.2292191392908047,0.0,0.0,4.3,,
L2-15,core150,150,-0.5,-0.4,B,adj,apc_s,60,-0.0802994220715822,0.9333333333333333,0.032203059435976525,0.6,0.06324555320336758,0.026207579670070376,0.05591060481575725,0.19963061471996585,0.15,0.0,1.5063310214849306,0.0,0.0,4.4,,
L2-15,core150,150,-0.5,-0.4,B,adj,apc_z,60,-0.0825919216429316,0.85,0.046097722286464436,0.48333333333333334,0.06451385151296608,0.015421337684747686,0.058159306306346754,0.1774576699766629,0.4,0.0,1.4613105962550768,0.0,0.0,4.4,0.2,0.0
L2-15,core150,150,-0.5,-0.4,B,adj,bzC,60,-0.39999999999999986,0.95,0.0281365716935569,0.5666666666666667,0.06397337409104348,-0.014493889637070203,0.3751045010602919,1.506102374680503,0.2,0.0,2.3520641147197314,0.0,0.0,4.4,,
L2-15,core150,150,-0.5,-0.4,B,unadj,apc_s,60,-0.0802994220715822,0.9333333333333333,0.032203059435976525,0.5833333333333334,0.06364688465216445,0.016753585409382658,0.05406314241984659,0.21542693851310224,0.21666666666666667,0.0,1.5211721997762935,0.0,0.0,4.65,,
L2-15,core150,150,-0.5,-0.4,B,unadj,apc_z,60,-0.0825919216429316,0.8666666666666667,0.04388537257362555,0.4,0.06324555320336758,0.009590903890311182,0.059200690485637864,0.18449500027997184,0.35,0.0,1.6296327204214323,0.0,0.0,4.65,0.21666666666666667,0.0
L2-15,core150,150,-0.5,-0.4,B,unadj,bzC,60,-0.39999999999999986,0.95,0.0281365716935569,0.5,0.06454972243679027,-0.03438098924496009,0.39034637463375016,1.5338566176911206,0.25,0.0,2.3120434048982337,0.0,0.0,4.65,,
L2-16,desc+.3,300,-0.5,0.0,A,adj,apc_s,60,-0.0785311254861537,0.8833333333333333,0.04144384867012948,0.5833333333333334,0.06364688465216445,-0.016881597529541395,0.04343381346127804,0.14444005829611886,0.6333333333333333,0.0,1.496274013206234,0.03333333333333333,0.0,6.25,,
L2-16,desc+.3,300,-0.5,0.0,A,adj,apc_z,60,0.0,0.5166666666666667,0.06451385151296608,0.2,0.051639777949432225,-0.06073542004288948,0.07113543359399062,0.12801439628182826,0.48333333333333334,,,0.03333333333333333,0.0,6.25,0.16666666666666666,0.0
L2-16,desc+.3,300,-0.5,0.0,A,adj,bzC,60,0.0,0.6833333333333333,0.06005398805642704,0.21666666666666667,0.0531855591650939,-0.42157583459686976,0.49086076888966823,1.121925382962467,0.31666666666666665,,,0.03333333333333333,0.0,6.25,,
L2-17,desc+.3,300,-0.5,-0.4,A,adj,apc_s,60,-0.07787131702025442,0.9,0.03872983346207417,0.43333333333333335,0.06397337409104348,-0.005443842670510129,0.04413843782235763,0.137488970301533,0.6833333333333333,0.0,1.3828804128436814,0.0,0.0,6.4,,
L2-17,desc+.3,300,-0.5,-0.4,A,adj,apc_z,60,-0.08045117719720028,0.5666666666666667,0.06397337409104348,0.18333333333333332,0.04995368225036439,-0.0548302051486542,0.06333765882473963,0.11649795147002909,1.0,0.0,1.6815339073815607,0.0,0.0,6.4,0.9333333333333333,0.0
L2-17,desc+.3,300,-0.5,-0.4,A,adj,bzC,60,-0.39999999999999986,0.6166666666666667,0.06276794416591015,0.18333333333333332,0.04995368225036439,-0.49298681167596214,0.5546899732394432,1.1806004480423,0.9166666666666666,0.0,2.3167880113983497,0.0,0.0,6.4,,
L2-18,desc-.3,300,-0.5,0.0,A,adj,apc_s,60,-0.0785490595684494,0.8666666666666667,0.04388537257362555,0.4666666666666667,0.06440611887195306,0.023141866770655575,0.05230911523264893,0.15956531880197425,0.36666666666666664,0.0,1.3013149169510232,0.0,0.0,6.3,,
L2-18,desc-.3,300,-0.5,0.0,A,adj,apc_z,60,0.0,0.6,0.06324555320336758,0.2,0.051639777949432225,0.05304220075676216,0.06575806926777272,0.1338041679265026,0.4,,,0.0,0.0,6.3,0.0,0.65
L2-18,desc-.3,300,-0.5,0.0,A,adj,bzC,60,0.0,0.7666666666666667,0.054602943890247176,0.23333333333333334,0.054602943890247176,0.379612201760785,0.4651359975713822,1.1108701199899587,0.23333333333333334,,,0.0,0.0,6.3,,
L2-19,desc-.3,300,-0.5,-0.4,A,adj,apc_s,60,-0.07794082661666173,0.8166666666666667,0.04995368225036439,0.38333333333333336,0.06276794416591017,0.03765734190019001,0.06376646827776108,0.1570135931823578,0.25,0.0,1.3423912371070685,0.0,0.016666666666666666,6.3,,
L2-19,desc-.3,300,-0.5,-0.4,A,adj,apc_z,60,-0.080538304768754,0.5333333333333333,0.06440611887195306,0.16666666666666666,0.048112522432468816,0.06714263047678024,0.07648991142312485,0.1319547624286958,0.08333333333333333,0.0,0.9144758504798485,0.0,0.016666666666666666,6.3,0.016666666666666666,0.03333333333333333
L2-19,desc-.3,300,-0.5,-0.4,A,adj,bzC,60,-0.39999999999999986,0.6833333333333333,0.06005398805642704,0.2,0.051639777949432225,0.37389595709837375,0.4375519614540009,1.079219124942094,0.016666666666666666,0.0,1.751505491169551,0.0,0.016666666666666666,6.3,,
L2-20,word+.4,300,-0.5,0.0,A,adj,apc_s,60,-0.07856867819680141,0.8333333333333334,0.04811252243246881,0.4666666666666667,0.06440611887195306,-0.02557625042661375,0.044966026983468736,0.13503655091069705,0.75,0.0,1.5261086961840002,0.03333333333333333,0.0,7.55,,
L2-20,word+.4,300,-0.5,0.0,A,adj,apc_z,60,0.0,0.3,0.05916079783099616,0.06666666666666667,0.03220305943597653,-0.08233087007606835,0.08971858527752682,0.11471384886068485,0.7,,,0.03333333333333333,0.0,7.55,0.45,0.0
L2-20,word+.4,300,-0.5,0.0,A,adj,bzC,60,0.0,0.38333333333333336,0.06276794416591017,0.08333333333333333,0.03568120160740314,-0.5920729156147105,0.6537693641688163,1.0567078302748827,0.6166666666666667,,,0.03333333333333333,0.0,7.55,,
L2-21,word+.4,300,-0.5,-0.4,A,adj,apc_s,60,-0.07789981350164744,0.95,0.0281365716935569,0.5333333333333333,0.06440611887195306,-0.010828233637306046,0.034576472781674125,0.13058112053012316,0.6833333333333333,0.0,1.3621596847589192,0.0,0.016666666666666666,10.2,,
L2-21,word+.4,300,-0.5,-0.4,A,adj,apc_z,60,-0.08048823124580973,0.31666666666666665,0.06005398805642704,0.06666666666666667,0.03220305943597653,-0.07395892697011358,0.0812570181940431,0.10816773079645034,1.0,0.0,1.9188787705403068,0.0,0.016666666666666666,10.2,0.9833333333333333,0.0
L2-21,word+.4,300,-0.5,-0.4,A,adj,bzC,60,-0.39999999999999986,0.5166666666666667,0.06451385151296608,0.03333333333333333,0.023174059571793568,-0.6391407885372239,0.6951802703252196,1.194497422685006,0.95,0.0,2.657469858268939,0.0,0.016666666666666666,10.2,,
L2-22,word-.4,300,-0.5,0.0,A,adj,apc_s,60,-0.0785455746102627,0.75,0.05590169943749474,0.4,0.06324555320336758,0.03803166839316156,0.06132072107565479,0.14833986842024516,0.26666666666666666,0.0625,1.2554388807516375,0.016666666666666666,0.016666666666666666,9.5,,
L2-22,word-.4,300,-0.5,0.0,A,adj,apc_z,60,0.0,0.36666666666666664,0.062212300796308524,0.1,0.03872983346207417,0.0755228098510796,0.0833029550293541,0.12018119811499725,0.6333333333333333,,,0.016666666666666666,0.016666666666666666,9.5,0.0,0.85
L2-22,word-.4,300,-0.5,0.0,A,adj,bzC,60,0.0,0.5166666666666667,0.06451385151296608,0.08333333333333333,0.03568120160740314,0.5055765305609453,0.5550533731645481,1.0184622084542883,0.48333333333333334,,,0.016666666666666666,0.016666666666666666,9.5,,
L2-23,word-.4,300,-0.5,-0.4,A,adj,apc_s,60,-0.07788070792426567,0.7666666666666667,0.054602943890247176,0.35,0.06157651067303722,0.04169333295965772,0.06568883787973535,0.15274726033681824,0.25,0.06666666666666667,1.3149930823248925,0.016666666666666666,0.0,10.649999999999999,,
L2-23,word-.4,300,-0.5,-0.4,A,adj,apc_z,60,-0.08046340589984989,0.18333333333333332,0.04995368225036439,0.05,0.028136571693556888,0.09376642182626928,0.10088712991822396,0.12444564482782375,0.06666666666666667,1.0,1.115693099705768,0.016666666666666666,0.0,10.649999999999999,0.0,0.3
L2-23,word-.4,300,-0.5,-0.4,A,adj,bzC,60,-0.39999999999999986,0.4666666666666667,0.06440611887195306,0.06666666666666667,0.03220305943597653,0.5416369297500172,0.5877606743072318,1.0066932813820015,0.06666666666666667,1.0,1.5333080650705586,0.016666666666666666,0.0,10.649999999999999,,
L2-24,wordcoded,300,-0.5,0.0,A,adj,apc_s,60,-0.0785691596574239,0.9166666666666666,0.035681201607403144,0.45,0.06422616289332565,0.00572692769724075,0.04480297614127852,0.1473868302591707,0.48333333333333334,0.0,1.3929906064068238,0.016666666666666666,0.0,8.649999999999999,,
L2-24,wordcoded,300,-0.5,0.0,A,adj,apc_z,60,0.0,0.8666666666666667,0.04388537257362555,0.43333333333333335,0.06397337409104348,-0.004833445632015542,0.04210877782201307,0.13010530909967138,0.13333333333333333,,,0.016666666666666666,0.0,8.649999999999999,0.0,0.18333333333333332
L2-24,wordcoded,300,-0.5,0.0,A,adj,bzC,60,0.0,0.9666666666666667,0.023174059571793564,0.5666666666666667,0.06397337409104348,-0.04523501804753113,0.27282967764287974,1.1003720748424932,0.03333333333333333,,,0.016666666666666666,0.0,8.649999999999999,,
L2-25,wordcoded,300,-0.5,-0.4,A,adj,apc_s,60,-0.07790887465550829,0.9166666666666666,0.035681201607403144,0.5333333333333333,0.06440611887195306,0.02655694208730223,0.044927593810715954,0.14434000655757476,0.35,0.0,1.0782125166048102,0.0,0.0,10.3,,
L2-25,wordcoded,300,-0.5,-0.4,A,adj,apc_z,60,-0.08048687497544711,0.8833333333333333,0.04144384867012948,0.5333333333333333,0.06440611887195306,0.019941469604748366,0.03587475314312638,0.12311477350004785,0.5166666666666667,0.0,1.0150790334529847,0.0,0.0,10.3,0.13333333333333333,0.0
L2-25,wordcoded,300,-0.5,-0.4,A,adj,bzC,60,-0.39999999999999986,0.9833333333333333,0.016527194200715044,0.6833333333333333,0.06005398805642704,0.057762190143371785,0.21422877615093397,1.1024122413592563,0.2,0.0,1.5777087111137933,0.0,0.0,10.3,,
L2-26,floor,300,-0.5,0.0,A,adj,apc_s,60,-0.07856049781643341,0.9166666666666666,0.035681201607403144,0.5166666666666667,0.06451385151296608,0.0058627830736733555,0.04895155604608241,0.1548261273373053,0.5166666666666667,0.0,1.372487905935049,0.016666666666666666,0.016666666666666666,9.8,,
L2-26,floor,300,-0.5,0.0,A,adj,apc_z,60,0.0,0.9166666666666666,0.035681201607403144,0.5666666666666667,0.06397337409104348,-0.0024525961060972404,0.039021791583105425,0.13571976261813373,0.08333333333333333,,,0.016666666666666666,0.016666666666666666,9.8,0.016666666666666666,0.15
L2-26,floor,300,-0.5,0.0,A,adj,bzC,60,0.0,0.9666666666666667,0.023174059571793564,0.6333333333333333,0.062212300796308524,-0.03572430125252603,0.24470608853209996,1.0928492729161665,0.03333333333333333,,,0.016666666666666666,0.016666666666666666,9.8,,
L2-27,floor,300,-0.5,-0.4,A,adj,apc_s,60,-0.07784733331845238,0.9166666666666666,0.035681201607403144,0.5166666666666667,0.06451385151296608,0.004020748576355069,0.04597840988536154,0.15195907835167735,0.48333333333333334,0.0,1.4070620048529103,0.05,0.0,9.350000000000001,,
L2-27,floor,300,-0.5,-0.4,A,adj,apc_z,60,-0.08042488771593208,0.9333333333333333,0.032203059435976525,0.5,0.06454972243679027,0.0020387355793540607,0.043536632140839394,0.13477635732582233,0.65,0.0,1.287110607429114,0.05,0.0,9.350000000000001,0.4,0.0
L2-27,floor,300,-0.5,-0.4,A,adj,bzC,60,-0.39999999999999986,0.95,0.0281365716935569,0.5166666666666667,0.06451385151296608,-0.07541380267702995,0.32070355695517594,1.1334862036125513,0.4166666666666667,0.0,1.890153861622167,0.05,0.0,9.350000000000001,,
L2-28,R.25,300,-0.5,0.0,A,adj,apc_s,60,-0.07854052631585377,0.8166666666666667,0.04995368225036439,0.4166666666666667,0.06364688465216445,-0.0297002676283153,0.06273795013226355,0.20339876817494768,0.5,0.0,1.8913677800595503,0.21666666666666667,0.0,8.4,,
L2-28,R.25,300,-0.5,0.0,A,adj,apc_z,60,0.0,0.8666666666666667,0.04388537257362555,0.4166666666666667,0.06364688465216445,-0.02319606395664778,0.05375240914663465,0.17190712676044465,0.13333333333333333,,,0.21666666666666667,0.0,8.4,0.03333333333333333,0.11666666666666667
L2-28,R.25,300,-0.5,0.0,A,adj,bzC,60,0.0,0.9333333333333333,0.032203059435976525,0.5166666666666667,0.06451385151296608,-0.18355889678397402,0.36854726197100574,1.3959852498398857,0.06666666666666667,,,0.21666666666666667,0.0,8.4,,
L2-29,R.25,300,-0.5,-0.4,A,adj,apc_s,60,-0.07786727837739899,0.9333333333333333,0.032203059435976525,0.6,0.06324555320336758,-0.019416193441538884,0.052083852217364265,0.19640896713323053,0.4166666666666667,0.0,1.7816294529000622,0.16666666666666666,0.0,8.149999999999999,,
L2-29,R.25,300,-0.5,-0.4,A,adj,apc_z,60,-0.08043140231994843,0.9333333333333333,0.032203059435976525,0.6,0.06324555320336758,-0.022067362505448516,0.045163822880468635,0.16438557762391948,0.6666666666666666,0.0,1.5063894492611767,0.16666666666666666,0.0,8.149999999999999,0.35,0.0
L2-29,R.25,300,-0.5,-0.4,A,adj,bzC,60,-0.39999999999999986,0.9833333333333333,0.016527194200715044,0.6,0.06324555320336758,-0.22554926504969483,0.3529184279173538,1.437133475205989,0.4166666666666667,0.0,2.1581479521214786,0.16666666666666666,0.0,8.149999999999999,,
L2-30,R.6,300,-0.5,0.0,A,adj,apc_s,60,-0.07854703104671562,0.8166666666666667,0.04995368225036439,0.36666666666666664,0.062212300796308524,0.029175904601741857,0.0396027145711993,0.10319764343820956,0.4666666666666667,0.0,0.9153495202506277,0.0,0.0,7.5,,
L2-30,R.6,300,-0.5,0.0,A,adj,apc_z,60,0.0,0.8666666666666667,0.04388537257362555,0.48333333333333334,0.06451385151296608,0.018482464772500897,0.03413584544888286,0.1081726419353114,0.13333333333333333,,,0.0,0.0,7.5,0.0,0.45
L2-30,R.6,300,-0.5,0.0,A,adj,bzC,60,0.0,0.9666666666666667,0.023174059571793564,0.55,0.06422616289332565,0.11449467327352464,0.21971901783267872,0.8713956611263118,0.03333333333333333,,,0.0,0.0,7.5,,
L2-31,R.6,300,-0.5,-0.4,A,adj,apc_s,60,-0.07788766742901791,0.6333333333333333,0.062212300796308524,0.26666666666666666,0.05708992257184502,0.03703807876747264,0.04806758384710678,0.10058570199589555,0.36666666666666664,0.0,0.9378857747673137,0.0,0.0,7.5,,
L2-31,R.6,300,-0.5,-0.4,A,adj,apc_z,60,-0.08046430968553743,0.7833333333333333,0.0531855591650939,0.48333333333333334,0.06451385151296608,0.015618695148149637,0.037104681093654175,0.10417433570683429,0.6166666666666667,0.0,1.0652319527382423,0.0,0.0,7.5,0.3,0.0
L2-31,R.6,300,-0.5,-0.4,A,adj,bzC,60,-0.39999999999999986,0.9833333333333333,0.016527194200715044,0.5833333333333334,0.06364688465216445,0.04155721036181099,0.21900304168190718,0.9384305477292364,0.2833333333333333,0.0,1.5557188489339477,0.0,0.0,7.5,,
L2-32,naive,300,-0.5,0.0,A,adj,apc_s,60,-0.07851088538628849,0.3,0.05916079783099616,0.06666666666666667,0.03220305943597653,0.04355735250715279,0.04901487998691061,0.07084384413704906,0.4166666666666667,0.0,0.7073329928711368,0.0,0.05,6.0,,
L2-32,naive,300,-0.5,0.0,A,adj,apc_z,60,0.0,0.8833333333333333,0.04144384867012948,0.4,0.06324555320336758,0.017344419256224538,0.03365946356700013,0.0978939395574599,0.11666666666666667,,,0.0,0.05,6.0,0.0,0.48333333333333334
L2-32,naive,300,-0.5,0.0,A,adj,bzC,60,0.0,0.9666666666666667,0.023174059571793564,0.4666666666666667,0.06440611887195306,0.11777180667777214,0.20401671736261248,0.8265979434459634,0.03333333333333333,,,0.0,0.05,6.0,,
L2-33,naive,300,-0.5,-0.4,A,adj,apc_s,60,-0.07785014531543248,0.4,0.06324555320336758,0.06666666666666667,0.03220305943597653,0.047268135329866595,0.053417257286514766,0.070408433166981,0.48333333333333334,0.034482758620689655,0.6503667181954759,0.0,0.0,5.9,,
L2-33,naive,300,-0.5,-0.4,A,adj,apc_z,60,-0.08042444930612243,0.8,0.05163977794943222,0.45,0.06422616289332565,0.021468479065352843,0.03634648659015053,0.09727227132694874,0.65,0.0,0.9535079004976245,0.0,0.0,5.9,0.26666666666666666,0.0
L2-33,naive,300,-0.5,-0.4,A,adj,bzC,60,-0.39999999999999986,0.9666666666666667,0.023174059571793564,0.6166666666666667,0.06276794416591015,0.1004919238409144,0.20280773909781047,0.8935878569082227,0.18333333333333332,0.0,1.3726795298044843,0.0,0.0,5.9,,
L2-34,sep150,150,-0.5,0.0,A,adj,apc_s,60,-0.07978764519351608,0.9,0.03872983346207417,0.55,0.06422616289332565,0.00965839940543291,0.05885530113543706,0.21489276196603924,0.3,0.0,1.6897320144831245,0.016666666666666666,0.0,4.4,,
L2-34,sep150,150,-0.5,0.0,A,adj,apc_z,60,0.0,0.9166666666666666,0.035681201607403144,0.48333333333333334,0.06451385151296608,-0.000744774440594061,0.05394769486901304,0.18477001930285752,0.08333333333333333,,,0.016666666666666666,0.0,4.4,0.0,0.13333333333333333
L2-34,sep150,150,-0.5,0.0,A,adj,bzC,60,0.0,1.0,0.0,0.5333333333333333,0.06440611887195306,-0.00434646880547393,0.3603953770186276,1.490265244982909,0.0,,,0.016666666666666666,0.0,4.4,,
L2-35,sep150,150,-0.5,-0.4,A,adj,apc_s,60,-0.07917176186539,0.9,0.03872983346207417,0.6166666666666667,0.06276794416591015,0.011280846543321748,0.05763297601571835,0.2038678186038374,0.2833333333333333,0.0,1.554947724319901,0.0,0.0,4.4,,
L2-35,sep150,150,-0.5,-0.4,A,adj,apc_z,60,-0.0814935630625833,0.9166666666666666,0.035681201607403144,0.48333333333333334,0.06451385151296608,-0.0063970724104892,0.04863966671267164,0.1742492954594586,0.5666666666666667,0.0,1.439313970150374,0.0,0.0,4.4,0.31666666666666665,0.0
L2-35,sep150,150,-0.5,-0.4,A,adj,bzC,60,-0.39999999999999986,0.9666666666666667,0.023174059571793564,0.5166666666666667,0.06451385151296608,-0.1550359516971449,0.3639946008980922,1.4934005038804603,0.3,0.0,2.1561226428484357,0.0,0.0,4.4,,
L2-36,register,300,-0.5,0.0,A,adj,apc_s,60,-0.07542351320310962,0.95,0.0281365716935569,0.5,0.06454972243679027,-0.0015598415717221375,0.0432344941849474,0.14843316589087185,0.5166666666666667,0.0,1.4574810257828215,0.0,0.0,7.8,,
L2-36,register,300,-0.5,0.0,A,adj,apc_z,60,0.0,0.6833333333333333,0.06005398805642704,0.26666666666666666,0.05708992257184502,-0.05059465909415387,0.062117590018449,0.12868324012985954,0.31666666666666665,,,0.0,0.0,7.8,0.08333333333333333,0.0
L2-36,register,300,-0.5,0.0,A,adj,bzC,60,0.0,0.85,0.046097722286464436,0.35,0.06157651067303722,-0.3115662773544071,0.39999088065828525,1.0795167160494792,0.15,,,0.0,0.0,7.8,,
