part,cell,kind,N,s_off,beta,design,rep,n_pairs,n_off_obs,n_flip,n_sub,estimand,truth,truth_pool,truth_coder,mean,sd,q05,q25,q50,q75,q95,tip,rhat_max,ess_min,divergences,seconds
L1,L1-09,core,80,0.2,1.0,a,0,80,11,0,,theta,0.17304888255481446,0.17104819540665436,,0.3258954815346006,0.13483893771659514,0.10390953301334353,0.22858007456596613,0.325226997997221,0.4189527823899819,0.5482500185851668,,,,,0.0
L1,L1-09,core,80,0.2,1.0,a,1,80,14,0,,theta,0.17304888255481446,0.17104819540665436,,0.36069543536101994,0.12830939371102906,0.15039394833867106,0.27068968345970035,0.36082092102103236,0.4519296406835214,0.5706376384753702,,,,,0.0
L1,L1-09,core,80,0.2,1.0,a,2,80,14,0,,theta,0.17304888255481446,0.17104819540665436,,0.02771445641066471,0.09933813583168342,-0.11780601778592793,-0.04328304663635147,0.020273053955477446,0.08943153336146362,0.20323137979510322,,,,,0.0
L1,L1-09,core,80,0.2,1.0,b10,1,80,14,0,24,theta,0.17304888255481446,0.17104819540665436,,0.2616943039909985,0.10560534631524693,0.09811243762683515,0.18759347508201707,0.2570606279103932,0.3314528746343864,0.44439226474201393,,1.0094552709506632,521.5169786663453,0,1.5
L1,L1-09,core,80,0.2,1.0,b10,1,80,14,0,24,theta_fp,0.18652012153811076,,,0.280431698574464,0.096338377327321,0.12886677409091238,0.2122756196086714,0.2773172941332521,0.3425601568124975,0.4461184588079928,,1.0094552709506632,521.5169786663453,0,1.5
L1,L1-09,core,80,0.2,1.0,b10,1,80,14,0,24,rho12,0.4389969457780718,,,0.1132952349953311,0.12162713251480713,0.0006536433384905416,0.017481354440121607,0.0704652608520561,0.17321491749031387,0.3675126880700973,,1.0094552709506632,521.5169786663453,0,1.5
L1,L1-09,core,80,0.2,1.0,b10,1,80,14,0,24,gamma,,,,-1.8724159864099452,0.6485146779342658,-2.970001563287011,-2.276198207398842,-1.8547728944352246,-1.4397396054747045,-0.8527792132573747,,1.0094552709506632,521.5169786663453,0,1.5
L1,L1-09,core,80,0.2,1.0,b10,0,80,11,0,21,theta,0.17304888255481446,0.17104819540665436,,0.2487172855261757,0.10280122317449945,0.09045955847923029,0.17332802631044386,0.2441866700922271,0.31588903707695715,0.4234912167976649,,1.008055197223466,570.0908464229346,0,1.5
L1,L1-09,core,80,0.2,1.0,b10,0,80,11,0,21,theta_fp,0.1738103196096353,,,0.2799547031964066,0.08967138224393423,0.13773333794397147,0.21707678068895803,0.27767251501504353,0.34000322072221933,0.4313903969994796,,1.008055197223466,570.0908464229346,0,1.5
L1,L1-09,core,80,0.2,1.0,b10,0,80,11,0,21,rho12,0.4389969457780718,,,0.23513878446182598,0.18289366614291722,0.003381764914037371,0.071072175499587,0.2106179349207602,0.3652166352425058,0.5694667301923162,,1.008055197223466,570.0908464229346,0,1.5
L1,L1-09,core,80,0.2,1.0,b10,0,80,11,0,21,gamma,,,,-1.9379401957839997,0.6635090824860836,-3.0201205074647914,-2.3886887526503227,-1.9339500107670025,-1.5006390381180652,-0.8517924116845585,,1.008055197223466,570.0908464229346,0,1.5
L1,L1-09,core,80,0.2,1.0,b10,2,80,14,0,24,theta,0.17304888255481446,0.17104819540665436,,0.08813038031278182,0.07414073493647841,-0.023625679003134187,0.03571812863210862,0.08159073420826471,0.13379666809480184,0.2184228116943012,,1.0101513547538534,573.1852435198039,0,1.5
L1,L1-09,core,80,0.2,1.0,b10,2,80,14,0,24,theta_fp,0.06284291848132209,,,0.08227468053283701,0.06740280786269542,-0.018347291283270693,0.035079351701621006,0.07749978753755497,0.12496639958967651,0.20341151947893907,,1.0101513547538534,573.1852435198039,0,1.5
L1,L1-09,core,80,0.2,1.0,b10,2,80,14,0,24,rho12,0.4389969457780718,,,0.2145363121161528,0.16544959071966775,0.002787953838692472,0.06676903151980951,0.19666209311185953,0.32762934540763594,0.5108746044861038,,1.0101513547538534,573.1852435198039,0,1.5
L1,L1-09,core,80,0.2,1.0,b10,2,80,14,0,24,gamma,,,,-0.7580642072868959,0.6114629151394866,-1.7639869207171721,-1.1610161438932363,-0.7514001615476361,-0.35252027786421625,0.248264094321304,,1.0101513547538534,573.1852435198039,0,1.5
L1,L1-09,core,80,0.2,1.0,b30,0,80,11,0,41,theta,0.17304888255481446,0.17104819540665436,,0.22186288782227193,0.0949620145222231,0.07718735469647424,0.15254838809954852,0.21587648086130834,0.2863338983404927,0.3827570192073775,,1.0083139529114402,417.01201944967045,0,1.5
L1,L1-09,core,80,0.2,1.0,b30,0,80,11,0,41,theta_fp,0.1738103196096353,,,0.26227002251780535,0.07619914810171623,0.14056251687616558,0.2099244666212165,0.26083416617795485,0.31203507516430135,0.38757647808363566,,1.0083139529114402,417.01201944967045,0,1.5
L1,L1-09,core,80,0.2,1.0,b30,0,80,11,0,41,rho12,0.4389969457780718,,,0.3968531558290093,0.18759601968858902,0.046211844717536185,0.2659520679937162,0.41796356240964844,0.5418323938239269,0.6730916814588818,,1.0083139529114402,417.01201944967045,0,1.5
L1,L1-09,core,80,0.2,1.0,b30,0,80,11,0,41,gamma,,,,-1.9171933095040585,0.6851217925245316,-3.023979675585796,-2.376418437863965,-1.903410496299887,-1.4485599487384444,-0.8144955159311893,,1.0083139529114402,417.01201944967045,0,1.5
L1,L1-09,core,80,0.2,1.0,b30,2,80,14,0,44,theta,0.17304888255481446,0.17104819540665436,,0.10068668679553482,0.07232602080571919,-0.00695153599041058,0.04952893468794965,0.09429163527300731,0.1460093596813391,0.22622116768148387,,1.0064295399284329,615.4391138876629,0,1.5
L1,L1-09,core,80,0.2,1.0,b30,2,80,14,0,44,theta_fp,0.06284291848132209,,,0.08081827115748824,0.06164056705979992,-0.010956126694474972,0.038136471248232204,0.07526458508131395,0.11909282482045656,0.19224195333199176,,1.0064295399284329,615.4391138876629,0,1.5
L1,L1-09,core,80,0.2,1.0,b30,2,80,14,0,44,rho12,0.4389969457780718,,,0.4591820937634104,0.16648284502820865,0.14760441360640963,0.3564450579061044,0.478861531144614,0.5810669956889887,0.696965272945753,,1.0064295399284329,615.4391138876629,0,1.5
L1,L1-09,core,80,0.2,1.0,b30,2,80,14,0,44,gamma,,,,-0.9906032377239087,0.6630489062544429,-2.0927444985748163,-1.429810266094272,-0.9862770761097299,-0.5635832946932403,0.0858452270388761,,1.0064295399284329,615.4391138876629,0,1.5
L1,L1-09,core,80,0.2,1.0,b30,1,80,14,0,44,theta,0.17304888255481446,0.17104819540665436,,0.2402895784390251,0.09846093077812679,0.08829976794657465,0.17003375988115807,0.23675763334163502,0.3054154791651701,0.4101455365431001,,1.0095280377332632,498.7960877320964,0,1.6
L1,L1-09,core,80,0.2,1.0,b30,1,80,14,0,44,theta_fp,0.18652012153811076,,,0.2725842288610253,0.08507051097933208,0.13957979913848317,0.21339217881304368,0.2686269935559248,0.327552495767556,0.4190140044400919,,1.0095280377332632,498.7960877320964,0,1.6
L1,L1-09,core,80,0.2,1.0,b30,1,80,14,0,44,rho12,0.4389969457780718,,,0.32662370828777637,0.18043616154713146,0.01901007330510783,0.19078253124886227,0.3307387466032382,0.4638022874816239,0.615560041710061,,1.0095280377332632,498.7960877320964,0,1.6
L1,L1-09,core,80,0.2,1.0,b30,1,80,14,0,44,gamma,,,,-1.9407569029168388,0.6878049240958242,-3.08220791512567,-2.409389315114591,-1.9163020332888685,-1.4693850433879374,-0.8494948718529955,,1.0095280377332632,498.7960877320964,0,1.6
L1,L1-09,core,80,0.2,1.0,c,1,80,14,0,,theta_m,0.15278618029623856,,0.17304888255481446,0.11309385304292408,0.06635267839447564,0.012157645365460022,0.06636822359697912,0.10845386140693952,0.15516326818492615,0.22805970397211828,,1.0230571391448164,413.7432671440834,0,4.1
L1,L1-09,core,80,0.2,1.0,c,1,80,14,0,,theta_m_fp,0.1970527342607361,,,0.19628961899627428,0.02062058304216293,0.1626566165102993,0.18264433687469023,0.19673852597835273,0.20994845086188857,0.2297858313202796,,1.0230571391448164,413.7432671440834,0,4.1
L1,L1-09,core,80,0.2,1.0,c,1,80,14,0,,gamma,,,,-1.4088005561105474,0.7239173198488077,-2.561440016683269,-1.905573260429024,-1.4169602531166534,-0.9547718424853786,-0.20100971757355418,,1.0230571391448164,413.7432671440834,0,4.1
L1,L1-09,core,80,0.2,1.0,c,0,80,11,0,,theta_m,0.15278618029623856,,0.17304888255481446,0.08226725024226988,0.04789432554266588,0.015313188440336164,0.04802586899825999,0.07650433595151193,0.11020426560351303,0.17215354462404275,,1.0025508040459572,500.02498993967515,0,4.7
L1,L1-09,core,80,0.2,1.0,c,0,80,11,0,,theta_m_fp,0.0642282338242193,,,0.06784867127125949,0.02339219324852474,0.032081755811374534,0.051224543360271144,0.06645626155183372,0.08306880288353205,0.1075959681669854,,1.0025508040459572,500.02498993967515,0,4.7
L1,L1-09,core,80,0.2,1.0,c,0,80,11,0,,gamma,,,,-1.3757828998535375,0.6283857516994804,-2.425799313757694,-1.7943006643336004,-1.3714476028687574,-0.9550715719018167,-0.35902059446101814,,1.0025508040459572,500.02498993967515,0,4.7
L1,L1-09,core,80,0.2,1.0,c,2,80,14,0,,theta_m,0.15278618029623856,,0.17304888255481446,0.06942811477899456,0.05957395043055957,-0.022259167308837056,0.028532044905124707,0.06514917391297956,0.10645928320934527,0.17523171884267896,,1.0146353711674756,469.77051326259226,0,3.1
L1,L1-09,core,80,0.2,1.0,c,2,80,14,0,,theta_m_fp,0.038861124975129474,,,0.025472611470454425,0.023181342236067267,-0.012530563346445568,0.010081365713636018,0.02478906813645469,0.040377808549564055,0.065043209527384,,1.0146353711674756,469.77051326259226,0,3.1
L1,L1-09,core,80,0.2,1.0,c,2,80,14,0,,gamma,,,,-0.890570453829831,0.7320069967586972,-2.078474329390525,-1.3792036671315544,-0.8956765289719237,-0.4191255988523575,0.3728608280266892,,1.0146353711674756,469.77051326259226,0,3.1
