pi_pos,pi_neg,n_pos,n_neg,metric,mean,mc_se,runs
0.5,0.5,50,100,share_negative_top5,0.6598,0.006719308677915393,1000
0.5,0.5,50,100,mean_p_A_given_G1_top5,0.6011599999999998,0.0004159849077111375,1000
0.5,0.5,50,100,mean_pi_top5,0.5,0.0,1000
0.5,0.5,50,100,LR1_pos_rank1,1.2432531122263484,0.001704337168878374,1000
0.5,0.5,50,100,LR2_pos_rank1,1.2229417398003535,0.0014660250005183086,1000
0.5,0.5,50,100,LR1_pos_rank2,1.1988672457348024,0.0012173926697045903,1000
0.5,0.5,50,100,LR2_pos_rank2,1.1845640065482737,0.0010592880496563385,1000
0.5,0.5,50,100,LR1_pos_rank3,1.1732820082835782,0.0010297384557257767,1000
0.5,0.5,50,100,LR2_pos_rank3,1.1622555261416312,0.0009008415054764861,1000
0.5,0.5,50,100,LR1_pos_rank4,1.1560263593262414,0.0009104234031609961,1000
0.5,0.5,50,100,LR2_pos_rank4,1.1471414879115123,0.0007994412588550802,1000
0.5,0.5,50,100,LR1_pos_rank5,1.1414047924461446,0.0008401693474446125,1000
0.5,0.5,50,100,LR2_pos_rank5,1.1342877631739237,0.0007400513475876498,1000
0.5,0.5,50,100,LR1_neg_rank1,1.2686923990553856,0.0015021080885256888,1000
0.5,0.5,50,100,LR2_neg_rank1,1.2449102382063915,0.0012864754143960832,1000
0.5,0.5,50,100,LR1_neg_rank2,1.227820809608551,0.0010523526154985173,1000
0.5,0.5,50,100,LR2_neg_rank2,1.209746732435969,0.0009101349307262245,1000
0.5,0.5,50,100,LR1_neg_rank3,1.2061152919488785,0.0008941436516562569,1000
0.5,0.5,50,100,LR2_neg_rank3,1.190932097963793,0.0007768078376526249,1000
0.5,0.5,50,100,LR1_neg_rank4,1.1908406284737205,0.0007929175241971314,1000
0.5,0.5,50,100,LR2_neg_rank4,1.1776395582693597,0.0006913215301668769,1000
0.5,0.5,50,100,LR1_neg_rank5,1.1783448163516927,0.0007453077669651581,1000
0.5,0.5,50,100,LR2_neg_rank5,1.1667297194320088,0.0006514023049305435,1000
0.5,0.5,50,100,fresh_ppv_top5,0.10018388085009605,0.00013304319699690052,1000
0.5,0.5,50,100,fresh_p_A_given_G1_top5,0.500682,0.000701723087329533,1000
0.5,0.5,50,100,fresh_LR1_top5,1.003094287587253,0.001466112704565578,1000
0.5,0.5,50,100,original_ppv_top5,0.12070581668836529,7.056565471716183e-05,1000
0.6,0.4,50,100,share_negative_top5,0.9362,0.003461436340818872,1000
0.6,0.4,50,100,mean_p_A_given_G1_top5,0.508888,0.0008667102414548029,1000
0.6,0.4,50,100,mean_pi_top5,0.4127600000000001,0.0006922872681637743,1000
0.6,0.4,50,100,LR1_pos_rank1,1.1937731604885973,0.00130521661474034,1000
0.6,0.4,50,100,LR2_pos_rank1,1.1801052298990615,0.0011352739827870085,1000
0.6,0.4,50,100,LR1_pos_rank2,1.1591215390086773,0.0009640176923109638,1000
0.6,0.4,50,100,LR2_pos_rank2,1.1498512622896875,0.0008452294383784521,1000
0.6,0.4,50,100,LR1_pos_rank3,1.140446036103112,0.0008139787870308266,1000
0.6,0.4,50,100,LR2_pos_rank3,1.1334467297930992,0.0007168602610977967,1000
0.6,0.4,50,100,LR1_pos_rank4,1.1260490124839655,0.000745732742239973,1000
0.6,0.4,50,100,LR2_pos_rank4,1.1207502339724575,0.0006585671783707702,1000
0.6,0.4,50,100,LR1_pos_rank5,1.1144027942676045,0.0006848507074696392,1000
0.6,0.4,50,100,LR2_pos_rank5,1.1104530751353654,0.0006064869615201214,1000
0.6,0.4,50,100,LR1_neg_rank1,1.3413575799443107,0.001963964228714808,1000
0.6,0.4,50,100,LR2_neg_rank1,1.3067753045271993,0.0016575879339212226,1000
0.6,0.4,50,100,LR1_neg_rank2,1.2898013572381255,0.001362370648297025,1000
0.6,0.4,50,100,LR2_neg_rank2,1.2630440897731814,0.0011637750934147943,1000
0.6,0.4,50,100,LR1_neg_rank3,1.2611411020499412,0.001135618926558482,1000
0.6,0.4,50,100,LR2_neg_rank3,1.23849798809291,0.0009760163906548748,1000
0.6,0.4,50,100,LR1_neg_rank4,1.2412740204747152,0.0010437538600824984,1000
0.6,0.4,50,100,LR2_neg_rank4,1.2213855667116118,0.0009008764034133366,1000
0.6,0.4,50,100,LR1_neg_rank5,1.2249134600965654,0.000976557452237947,1000
0.6,0.4,50,100,LR2_neg_rank5,1.2072408109797585,0.0008454722367897489,1000
0.6,0.4,50,100,fresh_ppv_top5,0.09997550189455623,0.00015935184450081255,1000
0.6,0.4,50,100,fresh_p_A_given_G1_top5,0.412536,0.0009571482836200653,1000
0.6,0.4,50,100,fresh_LR1_top5,1.0032864581775338,0.0017595522316877104,1000
0.6,0.4,50,100,original_ppv_top5,0.1239839400178662,8.911157498321188e-05,1000
0.7,0.3,50,100,share_negative_top5,0.9992000000000001,0.00039939894781974524,1000
0.7,0.3,50,100,mean_p_A_given_G1_top5,0.387658,0.0004432826812943808,1000
0.7,0.3,50,100,mean_pi_top5,0.3003199999999999,0.00015975957912789813,1000
0.7,0.3,50,100,LR1_pos_rank1,1.1497480984097617,0.0009554149824628484,1000
0.7,0.3,50,100,LR2_pos_rank1,1.141615061645451,0.0008388486158549872,1000
0.7,0.3,50,100,LR1_pos_rank2,1.1233865812219905,0.000709192764622819,1000
0.7,0.3,50,100,LR2_pos_rank2,1.1184012342901535,0.0006266948375809907,1000
0.7,0.3,50,100,LR1_pos_rank3,1.1090945661138372,0.0006246132725276868,1000
0.7,0.3,50,100,LR2_pos_rank3,1.1057552899347443,0.0005536107627430602,1000
0.7,0.3,50,100,LR1_pos_rank4,1.0980861571354525,0.0005671681282949078,1000
0.7,0.3,50,100,LR2_pos_rank4,1.0959885787360903,0.0005037997521873269,1000
0.7,0.3,50,100,LR1_pos_rank5,1.0886673200277306,0.0005387923576396869,1000
0.7,0.3,50,100,LR2_pos_rank5,1.0876126925414933,0.00047953774499877143,1000
0.7,0.3,50,100,LR1_neg_rank1,1.4396964941962542,0.002450657950627442,1000
0.7,0.3,50,100,LR2_neg_rank1,1.389123955186182,0.0020269463556519263,1000
0.7,0.3,50,100,LR1_neg_rank2,1.3711182281668965,0.001732034367914869,1000
0.7,0.3,50,100,LR2_neg_rank2,1.3319844771925373,0.0014549990289021689,1000
0.7,0.3,50,100,LR1_neg_rank3,1.33284994209794,0.001475273934521369,1000
0.7,0.3,50,100,LR2_neg_rank3,1.2996998570401792,0.0012500968744007745,1000
0.7,0.3,50,100,LR1_neg_rank4,1.3063238662323335,0.0013205952871153252,1000
0.7,0.3,50,100,LR2_neg_rank4,1.2771688785203017,0.0011252272870501828,1000
0.7,0.3,50,100,LR1_neg_rank5,1.2866697099635411,0.0011782663530529082,1000
0.7,0.3,50,100,LR2_neg_rank5,1.2604024959067373,0.0010082491681390636,1000
0.7,0.3,50,100,fresh_ppv_top5,0.09995239830104274,0.0002098443607122418,1000
0.7,0.3,50,100,fresh_p_A_given_G1_top5,0.300178,0.0006726966900742389,1000
0.7,0.3,50,100,fresh_LR1_top5,1.0079049778044225,0.0023158986148763346,1000
0.7,0.3,50,100,original_ppv_top5,0.12992864207279967,0.00011368640860351873,1000
0.8,0.2,50,100,share_negative_top5,1.0,0.0,1000
0.8,0.2,50,100,mean_p_A_given_G1_top5,0.277114,0.0003717488415599989,1000
0.8,0.2,50,100,mean_pi_top5,0.20000000000000004,8.78147550742909e-19,1000
0.8,0.2,50,100,LR1_pos_rank1,1.1107912755561529,0.0006762415985902183,1000
0.8,0.2,50,100,LR2_pos_rank1,1.1072537305751158,0.0005990007059281484,1000
0.8,0.2,50,100,LR1_pos_rank2,1.092896109820957,0.0005380813930272754,1000
0.8,0.2,50,100,LR2_pos_rank2,1.0913764970628421,0.00047840004421357646,1000
0.8,0.2,50,100,LR1_pos_rank3,1.0814363737375894,0.0004709486247032594,1000
0.8,0.2,50,100,LR2_pos_rank3,1.0811756915395063,0.00041972939186495637,1000
0.8,0.2,50,100,LR1_pos_rank4,1.0729165249697694,0.00043268876139134047,1000
0.8,0.2,50,100,LR2_pos_rank4,1.0735752539915615,0.00038633804619094567,1000
0.8,0.2,50,100,LR1_pos_rank5,1.0660575186077599,0.0004048742436512402,1000
0.8,0.2,50,100,LR2_pos_rank5,1.0674466124803303,0.00036198989878402844,1000
0.8,0.2,50,100,LR1_neg_rank1,1.5995133135218473,0.0036334295793338076,1000
0.8,0.2,50,100,LR2_neg_rank1,1.5194033606716608,0.0029056997962072636,1000
0.8,0.2,50,100,LR1_neg_rank2,1.5036566503029307,0.0024260452485389437,1000
0.8,0.2,50,100,LR2_neg_rank2,1.4419709108319432,0.0019866678059195946,1000
0.8,0.2,50,100,LR1_neg_rank3,1.4539421264167007,0.002068734479920836,1000
0.8,0.2,50,100,LR2_neg_rank3,1.4010852066865531,0.0017103832314096443,1000
0.8,0.2,50,100,LR1_neg_rank4,1.4176614110500556,0.0018146091357017576,1000
0.8,0.2,50,100,LR2_neg_rank4,1.3709859060928564,0.001511573485408922,1000
0.8,0.2,50,100,LR1_neg_rank5,1.3895954998481899,0.0016186644775443193,1000
0.8,0.2,50,100,LR2_neg_rank5,1.3475497972507144,0.0013570198205763474,1000
0.8,0.2,50,100,fresh_ppv_top5,0.09997149643213445,0.0002655591907638299,1000
0.8,0.2,50,100,fresh_p_A_given_G1_top5,0.199618,0.0005495453357786564,1000
0.8,0.2,50,100,fresh_LR1_top5,1.0172785930121357,0.0029359901575397827,1000
0.8,0.2,50,100,original_ppv_top5,0.13980533700863845,0.0001574794110819654,1000
0.9,0.1,50,100,share_negative_top5,1.0,0.0,1000
0.9,0.1,50,100,mean_p_A_given_G1_top5,0.15830000000000002,0.00030700529678207874,1000
0.9,0.1,50,100,mean_pi_top5,0.10000000000000002,4.390737753714545e-19,1000
0.9,0.1,50,100,LR1_pos_rank1,1.068680244192412,0.0004098705818138889,1000
0.9,0.1,50,100,LR2_pos_rank1,1.0697914913073303,0.00036620838227596536,1000
0.9,0.1,50,100,LR1_pos_rank2,1.0571815702903649,0.00031486340365909587,1000
0.9,0.1,50,100,LR2_pos_rank2,1.0595064052443506,0.0002820232291707278,1000
0.9,0.1,50,100,LR1_pos_rank3,1.0505974791289518,0.0002676956483319835,1000
0.9,0.1,50,100,LR2_pos_rank3,1.0536054693068044,0.00024012479946080879,1000
0.9,0.1,50,100,LR1_pos_rank4,1.0455654088882094,0.00025043842370000647,1000
0.9,0.1,50,100,LR2_pos_rank4,1.049089181606813,0.00022490339811339903,1000
0.9,0.1,50,100,LR1_pos_rank5,1.0413998323900828,0.00023566699813956898,1000
0.9,0.1,50,100,LR2_pos_rank5,1.045347102833814,0.00021182934197016605,1000
0.9,0.1,50,100,LR1_neg_rank1,1.9636047898243132,0.006000908911388362,1000
0.9,0.1,50,100,LR2_neg_rank1,1.8015995262047937,0.004459443551921515,1000
0.9,0.1,50,100,LR1_neg_rank2,1.8064405681316675,0.004176037000922375,1000
0.9,0.1,50,100,LR2_neg_rank2,1.6827260549999459,0.0032154433250678686,1000
0.9,0.1,50,100,LR1_neg_rank3,1.7235365810424388,0.003488747984013098,1000
0.9,0.1,50,100,LR2_neg_rank3,1.618310342650902,0.0027371357724804797,1000
0.9,0.1,50,100,LR1_neg_rank4,1.6660552036717011,0.0030800334417301163,1000
0.9,0.1,50,100,LR2_neg_rank4,1.572992565669364,0.002444153386173248,1000
0.9,0.1,50,100,LR1_neg_rank5,1.622776719333999,0.002878312820630614,1000
0.9,0.1,50,100,LR2_neg_rank5,1.5384873226175313,0.002302525027815928,1000
0.9,0.1,50,100,fresh_ppv_top5,0.09963583996734604,0.0004064081039053261,1000
0.9,0.1,50,100,fresh_p_A_given_G1_top5,0.09955400000000002,0.00042245893949063927,1000
0.9,0.1,50,100,fresh_LR1_top5,1.0411603457667375,0.0045194681561991305,1000
0.9,0.1,50,100,original_ppv_top5,0.1608439487814274,0.0002571932827428187,1000
