pi_pos,pi_neg,p_G1,metric,mean,mc_se,runs
0.5,0.5,0.1,original_ppv_top5,0.11913537701708295,7.644623272781641e-05,1000
0.5,0.5,0.1,fresh_ppv_top5,0.09994989365694949,0.00013318167245858918,1000
0.5,0.5,0.1,mean_p_A_given_G1_top5,0.5931779999999999,0.000423985943257651,1000
0.5,0.5,0.1,fresh_p_A_given_G1_top5,0.499764,0.000707709797273683,1000
0.5,0.5,0.1,mean_pi_top5,0.5,0.0,1000
0.5,0.5,0.1,fresh_LR1_top5,1.0005861632677526,0.0014676601099856167,1000
0.6,0.4,0.1,original_ppv_top5,0.12075280262240352,9.340466172044104e-05,1000
0.6,0.4,0.1,fresh_ppv_top5,0.10039995244469348,0.00015959263524030606,1000
0.6,0.4,0.1,mean_p_A_given_G1_top5,0.52467,0.0012792777851786733,1000
0.6,0.4,0.1,fresh_p_A_given_G1_top5,0.438762,0.0013471622776051154,1000
0.6,0.4,0.1,mean_pi_top5,0.4371600000000001,0.0011375537035359816,1000
0.6,0.4,0.1,fresh_LR1_top5,1.0074551878635278,0.0017573044910661837,1000
0.7,0.3,0.1,original_ppv_top5,0.12518764282982509,0.00013041667321565884,1000
0.7,0.3,0.1,fresh_ppv_top5,0.09987695206844062,0.00020828065867924985,1000
0.7,0.3,0.1,mean_p_A_given_G1_top5,0.384918,0.0010336758494623745,1000
0.7,0.3,0.1,fresh_p_A_given_G1_top5,0.308988,0.001123522210798771,1000
0.7,0.3,0.1,mean_pi_top5,0.30943999999999994,0.0009336799013356551,1000
0.7,0.3,0.1,fresh_LR1_top5,1.0069182574087086,0.0022979928645006044,1000
0.8,0.2,0.1,original_ppv_top5,0.13320909586167246,0.00017635783500463014,1000
0.8,0.2,0.1,fresh_ppv_top5,0.10032718835520738,0.0002570444236681274,1000
0.8,0.2,0.1,mean_p_A_given_G1_top5,0.264776,0.00040488239496643203,1000
0.8,0.2,0.1,fresh_p_A_given_G1_top5,0.200668,0.0005514361775018555,1000
0.8,0.2,0.1,mean_pi_top5,0.20000000000000004,8.78147550742909e-19,1000
0.8,0.2,0.1,fresh_LR1_top5,1.0211230087254157,0.002843875729187863,1000
0.9,0.1,0.1,original_ppv_top5,0.15096731077706435,0.0002754267345604902,1000
0.9,0.1,0.1,fresh_ppv_top5,0.10016104929897454,0.0004188175825461691,1000
0.9,0.1,0.1,mean_p_A_given_G1_top5,0.149024,0.00032000910897946294,1000
0.9,0.1,0.1,fresh_p_A_given_G1_top5,0.10024800000000002,0.00044196586953047627,1000
0.9,0.1,0.1,mean_pi_top5,0.10000000000000002,4.390737753714545e-19,1000
0.9,0.1,0.1,fresh_LR1_top5,1.0473546663189686,0.004659859343491676,1000
