n_target,p_G1,pi_pos,pi_neg,metric,mean,mc_se,runs
20,0.02,0.5,0.5,share_negative_top5,0.5102,0.006953006853463062,1000
20,0.02,0.5,0.5,mean_p_A_given_G1_top5,0.7206600000000001,0.0008239194397774848,1000
20,0.02,0.5,0.5,mean_pi_top5,0.5,0.0,1000
20,0.02,0.5,0.5,LR1_pos_rank1,1.482997015295638,0.0030856835312687465,1000
20,0.02,0.5,0.5,LR2_pos_rank1,1.538267153943851,0.0030992928070459748,1000
20,0.02,0.5,0.5,LR1_pos_rank2,1.4007641278669958,0.0022616277351936555,1000
20,0.02,0.5,0.5,LR2_pos_rank2,1.4555332243791823,0.002280625335696405,1000
20,0.02,0.5,0.5,LR1_pos_rank3,1.353060789887597,0.0020034995142063404,1000
20,0.02,0.5,0.5,LR2_pos_rank3,1.407379277475309,0.002024540260470661,1000
20,0.02,0.5,0.5,LR1_pos_rank4,1.3172854508913514,0.0017764364833048568,1000
20,0.02,0.5,0.5,LR2_pos_rank4,1.3712039724570504,0.0017982956490159732,1000
20,0.02,0.5,0.5,LR1_pos_rank5,1.28887087733525,0.0016384784222016535,1000
20,0.02,0.5,0.5,LR2_pos_rank5,1.34242891883728,0.0016606790847623952,1000
20,0.02,0.5,0.5,LR1_neg_rank1,1.492389145154145,0.002943548279775487,1000
20,0.02,0.5,0.5,LR2_neg_rank1,1.547726823592494,0.0029563749503093172,1000
20,0.02,0.5,0.5,LR1_neg_rank2,1.4061683029964638,0.0022477676957702573,1000
20,0.02,0.5,0.5,LR2_neg_rank2,1.460986356717343,0.0022660068497503297,1000
20,0.02,0.5,0.5,LR1_neg_rank3,1.357190834681714,0.0019446666598231157,1000
20,0.02,0.5,0.5,LR2_neg_rank3,1.4115589803111053,0.0019649342134291014,1000
20,0.02,0.5,0.5,LR1_neg_rank4,1.321346487980581,0.0017482602408508603,1000
20,0.02,0.5,0.5,LR2_neg_rank4,1.3753172614356,0.0017693958965081618,1000
20,0.02,0.5,0.5,LR1_neg_rank5,1.2923359156613885,0.0016904051751553291,1000
20,0.02,0.5,0.5,LR2_neg_rank5,1.3459373121054505,0.001712844910433312,1000
20,0.02,0.5,0.5,fresh_ppv_top5,0.019887394784441806,6.269958661048927e-05,1000
20,0.02,0.5,0.5,fresh_p_A_given_G1_top5,0.497,0.0015911416441447732,1000
20,0.02,0.5,0.5,fresh_LR1_top5,0.9955794113856877,0.003048804667592908,1000
20,0.02,0.5,0.5,original_ppv_top5,0.028926178817071053,3.152861592336172e-05,1000
20,0.02,0.6,0.4,share_negative_top5,0.8354,0.005308014225208426,1000
20,0.02,0.6,0.4,mean_p_A_given_G1_top5,0.6380800000000001,0.0014003837597868216,1000
20,0.02,0.6,0.4,mean_pi_top5,0.4329200000000001,0.0010616028450416853,1000
20,0.02,0.6,0.4,LR1_pos_rank1,1.3775104654481087,0.002274190725991735,1000
20,0.02,0.6,0.4,LR2_pos_rank1,1.4320593645567692,0.002295949387019785,1000
20,0.02,0.6,0.4,LR1_pos_rank2,1.3160313286755858,0.0017572052757645082,1000
20,0.02,0.6,0.4,LR2_pos_rank2,1.3699356591142438,0.0017786925816936066,1000
20,0.02,0.6,0.4,LR1_pos_rank3,1.275336660627987,0.001510143557022649,1000
20,0.02,0.6,0.4,LR2_pos_rank3,1.3287148263894142,0.001531366837954793,1000
20,0.02,0.6,0.4,LR1_pos_rank4,1.2485689081488958,0.001384232126317108,1000
20,0.02,0.6,0.4,LR2_pos_rank4,1.3015593528098328,0.0014053518029582444,1000
20,0.02,0.6,0.4,LR1_pos_rank5,1.2257739807329275,0.0013137670018776454,1000
20,0.02,0.6,0.4,LR2_pos_rank5,1.278407812011491,0.0013350689574458136,1000
20,0.02,0.6,0.4,LR1_neg_rank1,1.6214049656176734,0.003931330575074184,1000
20,0.02,0.6,0.4,LR2_neg_rank1,1.6769147443245405,0.003925248755324801,1000
20,0.02,0.6,0.4,LR1_neg_rank2,1.5177385241299308,0.0028413976758036377,1000
20,0.02,0.6,0.4,LR2_neg_rank2,1.573204353814806,0.002852051392284346,1000
20,0.02,0.6,0.4,LR1_neg_rank3,1.4550814627875484,0.0024305376113974513,1000
20,0.02,0.6,0.4,LR2_neg_rank3,1.5102571974298307,0.0024462180966518025,1000
20,0.02,0.6,0.4,LR1_neg_rank4,1.4110206178032318,0.002299297512393653,1000
20,0.02,0.6,0.4,LR2_neg_rank4,1.465875471169385,0.0023181589125063585,1000
20,0.02,0.6,0.4,LR1_neg_rank5,1.3750573021800891,0.0022172217787672422,1000
20,0.02,0.6,0.4,LR2_neg_rank5,1.4295871407005056,0.0022387036147313378,1000
20,0.02,0.6,0.4,fresh_ppv_top5,0.019912317203845207,7.255817482942414e-05,1000
20,0.02,0.6,0.4,fresh_p_A_given_G1_top5,0.4307,0.0018334862071124705,1000
20,0.02,0.6,0.4,fresh_LR1_top5,1.0056574184822307,0.003537109346628324,1000
20,0.02,0.6,0.4,original_ppv_top5,0.02970172411369803,4.17246373027766e-05,1000
20,0.02,0.7,0.3,share_negative_top5,0.9884,0.0015836501974703715,1000
20,0.02,0.7,0.3,mean_p_A_given_G1_top5,0.48469000000000007,0.0011015067939950337,1000
20,0.02,0.7,0.3,mean_pi_top5,0.3046399999999999,0.0006334600789881489,1000
20,0.02,0.7,0.3,LR1_pos_rank1,1.2833210136672355,0.0016334467165756515,1000
20,0.02,0.7,0.3,LR2_pos_rank1,1.3368030997805367,0.0016553551135358366,1000
20,0.02,0.7,0.3,LR1_pos_rank2,1.238084433133481,0.0012797475004303167,1000
20,0.02,0.7,0.3,LR2_pos_rank2,1.2909176329665761,0.0012995962850736863,1000
20,0.02,0.7,0.3,LR1_pos_rank3,1.2099747416812285,0.0011309542561848231,1000
20,0.02,0.7,0.3,LR2_pos_rank3,1.262355169485907,0.0011498741186860373,1000
20,0.02,0.7,0.3,LR1_pos_rank4,1.1896479772147608,0.00102309792925203,1000
20,0.02,0.7,0.3,LR2_pos_rank4,1.2416795465073625,0.001041214704628093,1000
20,0.02,0.7,0.3,LR1_pos_rank5,1.1724988566866537,0.0009640693564162718,1000
20,0.02,0.7,0.3,LR2_pos_rank5,1.2242207888056873,0.000981880034475135,1000
20,0.02,0.7,0.3,LR1_neg_rank1,1.8275146375433329,0.005634731614010136,1000
20,0.02,0.7,0.3,LR2_neg_rank1,1.8817668804868917,0.005574628060729942,1000
20,0.02,0.7,0.3,LR1_neg_rank2,1.6803560217329,0.004075484745714481,1000
20,0.02,0.7,0.3,LR2_neg_rank2,1.7357555887475524,0.004060349082601085,1000
20,0.02,0.7,0.3,LR1_neg_rank3,1.5945403248629602,0.003418076256171875,1000
20,0.02,0.7,0.3,LR2_neg_rank3,1.6501196653513583,0.0034183339824584275,1000
20,0.02,0.7,0.3,LR1_neg_rank4,1.5335063418014023,0.00308879221435269,1000
20,0.02,0.7,0.3,LR2_neg_rank4,1.589000429259723,0.0030964876993625186,1000
20,0.02,0.7,0.3,LR1_neg_rank5,1.4850035017824934,0.0028906509298959864,1000
20,0.02,0.7,0.3,LR2_neg_rank5,1.540308772872948,0.002904359329307058,1000
20,0.02,0.7,0.3,fresh_ppv_top5,0.020057945816811782,9.54832011796349e-05,1000
20,0.02,0.7,0.3,fresh_p_A_given_G1_top5,0.30544,0.0015951021129541366,1000
20,0.02,0.7,0.3,fresh_LR1_top5,1.035777673474305,0.004648853387167543,1000
20,0.02,0.7,0.3,original_ppv_top5,0.03203273217846305,6.376024683381023e-05,1000
20,0.02,0.8,0.2,share_negative_top5,1.0,0.0,1000
20,0.02,0.8,0.2,mean_p_A_given_G1_top5,0.35979,0.0009213603012962982,1000
20,0.02,0.8,0.2,mean_pi_top5,0.20000000000000004,8.78147550742909e-19,1000
20,0.02,0.8,0.2,LR1_pos_rank1,1.1952669891380125,0.001019304242504251,1000
20,0.02,0.8,0.2,LR2_pos_rank1,1.247398272299271,0.0010372228226914707,1000
20,0.02,0.8,0.2,LR1_pos_rank2,1.1669224207535895,0.0008759305657770132,1000
20,0.02,0.8,0.2,LR2_pos_rank2,1.2185436097528863,0.0008923302805086568,1000
20,0.02,0.8,0.2,LR1_pos_rank3,1.148013401716539,0.0008165106632909095,1000
20,0.02,0.8,0.2,LR2_pos_rank3,1.1992735842928632,0.0008325089054879458,1000
20,0.02,0.8,0.2,LR1_pos_rank4,1.1336068262163634,0.0007745776599374205,1000
20,0.02,0.8,0.2,LR2_pos_rank4,1.1845815323798075,0.0007901805774156889,1000
20,0.02,0.8,0.2,LR1_pos_rank5,1.1218901676182378,0.0007132628278325516,1000
20,0.02,0.8,0.2,LR2_pos_rank5,1.1726269636259388,0.0007279565717673279,1000
20,0.02,0.8,0.2,LR1_neg_rank1,2.1506529714724647,0.007881662086844288,1000
20,0.02,0.8,0.2,LR2_neg_rank1,2.1993702940891517,0.0076907877525649255,1000
20,0.02,0.8,0.2,LR1_neg_rank2,1.9482234560619072,0.0057570153913173916,1000
20,0.02,0.8,0.2,LR2_neg_rank2,2.0011000469763216,0.00567247718961615,1000
20,0.02,0.8,0.2,LR1_neg_rank3,1.8350659541210053,0.004928197453852363,1000
20,0.02,0.8,0.2,LR2_neg_rank3,1.8894025731632413,0.004880487039458249,1000
20,0.02,0.8,0.2,LR1_neg_rank4,1.7497044949494107,0.004435165048254131,1000
20,0.02,0.8,0.2,LR2_neg_rank4,1.804756411258149,0.00440736589640018,1000
20,0.02,0.8,0.2,LR1_neg_rank5,1.6804029354842327,0.004003421430725299,1000
20,0.02,0.8,0.2,LR2_neg_rank5,1.735814214355471,0.003990183504956795,1000
20,0.02,0.8,0.2,fresh_ppv_top5,0.020005020257417263,0.00012326389192242142,1000
20,0.02,0.8,0.2,fresh_p_A_given_G1_top5,0.19985000000000003,0.0012377437172167386,1000
20,0.02,0.8,0.2,fresh_LR1_top5,1.0744888482773374,0.006015995621584819,1000
20,0.02,0.8,0.2,original_ppv_top5,0.036192795232981384,9.016344506032335e-05,1000
20,0.02,0.9,0.1,share_negative_top5,1.0,0.0,1000
20,0.02,0.9,0.1,mean_p_A_given_G1_top5,0.22392,0.0007693019078524536,1000
20,0.02,0.9,0.1,mean_pi_top5,0.10000000000000002,4.390737753714545e-19,1000
20,0.02,0.9,0.1,LR1_pos_rank1,1.0993875065080396,0.00027362799986020464,1000
20,0.02,0.9,0.1,LR2_pos_rank1,1.149656472738868,0.00027957006343654105,1000
20,0.02,0.9,0.1,LR1_pos_rank2,1.0913297744459232,0.0002548493991978086,1000
20,0.02,0.9,0.1,LR2_pos_rank2,1.141422860941939,0.0002605007159027368,1000
20,0.02,0.9,0.1,LR1_pos_rank3,1.0852402224988063,0.0003185669429865821,1000
20,0.02,0.9,0.1,LR2_pos_rank3,1.1351976067720015,0.00032577283181649025,1000
20,0.02,0.9,0.1,LR1_pos_rank4,1.0785711932036552,0.00041719785186877453,1000
20,0.02,0.9,0.1,LR2_pos_rank4,1.1283774455554776,0.0004267643436858063,1000
20,0.02,0.9,0.1,LR1_pos_rank5,1.0716751517264644,0.0004922735254278213,1000
20,0.02,0.9,0.1,LR2_pos_rank5,1.1213232699133515,0.0005036631742231333,1000
20,0.02,0.9,0.1,LR1_neg_rank1,2.9365155491713866,0.01420000678507412,1000
20,0.02,0.9,0.1,LR2_neg_rank1,2.953352679314206,0.013356465091210483,1000
20,0.02,0.9,0.1,LR1_neg_rank2,2.58526010657154,0.010071760186270323,1000
20,0.02,0.9,0.1,LR2_neg_rank2,2.6200231674249728,0.009646208173007157,1000
20,0.02,0.9,0.1,LR1_neg_rank3,2.3796407991603465,0.00836568926330109,1000
20,0.02,0.9,0.1,LR2_neg_rank3,2.4221823571981775,0.008088634822276845,1000
20,0.02,0.9,0.1,LR1_neg_rank4,2.2408774288136137,0.007500168185951112,1000
20,0.02,0.9,0.1,LR2_neg_rank4,2.287587288671094,0.007295641853174365,1000
20,0.02,0.9,0.1,LR1_neg_rank5,2.1237161638406183,0.006715114161042971,1000
20,0.02,0.9,0.1,LR2_neg_rank5,2.1733433140502956,0.006568509249498479,1000
20,0.02,0.9,0.1,fresh_ppv_top5,0.019810816903058692,0.00018622119193570594,1000
20,0.02,0.9,0.1,fresh_p_A_given_G1_top5,0.09907000000000002,0.0009345097155238186,1000
20,0.02,0.9,0.1,fresh_LR1_top5,1.1866863861005676,0.009138869070676825,1000
20,0.02,0.9,0.1,original_ppv_top5,0.04524566224764883,0.00015232836904367309,1000
50,0.05,0.5,0.5,share_negative_top5,0.49660000000000004,0.007130166847927143,1000
50,0.05,0.5,0.5,mean_p_A_given_G1_top5,0.6362439999999999,0.0005792996220023388,1000
50,0.05,0.5,0.5,mean_pi_top5,0.5,0.0,1000
50,0.05,0.5,0.5,LR1_pos_rank1,1.3227859140642906,0.0021123873282168824,1000
50,0.05,0.5,0.5,LR2_pos_rank1,1.3245749401734517,0.0019724574676431303,1000
50,0.05,0.5,0.5,LR1_pos_rank2,1.2664424347903582,0.0015823064613753263,1000
50,0.05,0.5,0.5,LR2_pos_rank2,1.271825498429624,0.0014866919664274251,1000
50,0.05,0.5,0.5,LR1_pos_rank3,1.2348614376899492,0.0013323569220671174,1000
50,0.05,0.5,0.5,LR2_pos_rank3,1.2421112358789714,0.001256336312766513,1000
50,0.05,0.5,0.5,LR1_pos_rank4,1.210965440677181,0.001229292452746102,1000
50,0.05,0.5,0.5,LR2_pos_rank4,1.2195514128071387,0.001162214048419148,1000
50,0.05,0.5,0.5,LR1_pos_rank5,1.192190598478743,0.001164672689608608,1000
50,0.05,0.5,0.5,LR2_pos_rank5,1.201785804826941,0.0011032499340854344,1000
50,0.05,0.5,0.5,LR1_neg_rank1,1.3253534098209152,0.002124371019696532,1000
50,0.05,0.5,0.5,LR2_neg_rank1,1.3269735858809986,0.0019812849059780108,1000
50,0.05,0.5,0.5,LR1_neg_rank2,1.267406591881806,0.0015595603017706256,1000
50,0.05,0.5,0.5,LR2_neg_rank2,1.272735607532956,0.0014650915722414248,1000
50,0.05,0.5,0.5,LR1_neg_rank3,1.234211166869628,0.0013155443985829961,1000
50,0.05,0.5,0.5,LR2_neg_rank3,1.2414998218877351,0.0012404180131100951,1000
50,0.05,0.5,0.5,LR1_neg_rank4,1.2091978680943818,0.0012063894825434301,1000
50,0.05,0.5,0.5,LR2_neg_rank4,1.2178822601472543,0.0011405655865266036,1000
50,0.05,0.5,0.5,LR1_neg_rank5,1.1909947857472196,0.0011573163749984557,1000
50,0.05,0.5,0.5,LR2_neg_rank5,1.2006534881319673,0.001096264430707951,1000
50,0.05,0.5,0.5,fresh_ppv_top5,0.04997546079742325,9.664056279027312e-05,1000
50,0.05,0.5,0.5,fresh_p_A_given_G1_top5,0.49985199999999996,0.0009719314516707171,1000
50,0.05,0.5,0.5,fresh_LR1_top5,1.0005658848484045,0.0019990018718850523,1000
50,0.05,0.5,0.5,original_ppv_top5,0.063857440627575,5.171983478806373e-05,1000
50,0.05,0.6,0.4,share_negative_top5,0.8142,0.005645372461603417,1000
50,0.05,0.6,0.4,mean_p_A_given_G1_top5,0.5659400000000001,0.0013520001125385693,1000
50,0.05,0.6,0.4,mean_pi_top5,0.4371600000000001,0.0011290744923206832,1000
50,0.05,0.6,0.4,LR1_pos_rank1,1.2599498008840047,0.0017149860820205101,1000
50,0.05,0.6,0.4,LR2_pos_rank1,1.26569671880649,0.0016112712465849704,1000
50,0.05,0.6,0.4,LR1_pos_rank2,1.2142262915580428,0.0012438237633748926,1000
50,0.05,0.6,0.4,LR2_pos_rank2,1.2226331634720133,0.0011749641642037714,1000
50,0.05,0.6,0.4,LR1_pos_rank3,1.1871542232904404,0.0010770410920268778,1000
50,0.05,0.6,0.4,LR2_pos_rank3,1.197021857946003,0.0010204031700180851,1000
50,0.05,0.6,0.4,LR1_pos_rank4,1.1681910838348444,0.0009782856704937345,1000
50,0.05,0.6,0.4,LR2_pos_rank4,1.1790370620565365,0.0009287195542335361,1000
50,0.05,0.6,0.4,LR1_pos_rank5,1.1535537645262417,0.0009269998589016777,1000
50,0.05,0.6,0.4,LR2_pos_rank5,1.165128559218132,0.0008812226172245951,1000
50,0.05,0.6,0.4,LR1_neg_rank1,1.4145949886865792,0.0028480948975308155,1000
50,0.05,0.6,0.4,LR2_neg_rank1,1.4098742532313375,0.0026327213693231617,1000
50,0.05,0.6,0.4,LR1_neg_rank2,1.3411933859222305,0.002076412753948507,1000
50,0.05,0.6,0.4,LR2_neg_rank2,1.3417807546299596,0.0019358608073415126,1000
50,0.05,0.6,0.4,LR1_neg_rank3,1.2976162107804385,0.001704517812975238,1000
50,0.05,0.6,0.4,LR2_neg_rank3,1.3010793768763784,0.0015966925812399104,1000
50,0.05,0.6,0.4,LR1_neg_rank4,1.2661330712381664,0.0015716086479378077,1000
50,0.05,0.6,0.4,LR2_neg_rank4,1.2715361089428097,0.001476972741884569,1000
50,0.05,0.6,0.4,LR1_neg_rank5,1.2410114253360194,0.0014176785631260134,1000
50,0.05,0.6,0.4,LR2_neg_rank5,1.2479006600531324,0.0013362828987192549,1000
50,0.05,0.6,0.4,fresh_ppv_top5,0.05003137391982908,0.00011289323444555751,1000
50,0.05,0.6,0.4,fresh_p_A_given_G1_top5,0.43756800000000007,0.0014631261442931412,1000
50,0.05,0.6,0.4,fresh_LR1_top5,1.0052224108864978,0.0023339509097688184,1000
50,0.05,0.6,0.4,original_ppv_top5,0.0651391143682838,6.77206102866488e-05,1000
50,0.05,0.7,0.3,share_negative_top5,0.9792000000000001,0.002147550225715797,1000
50,0.05,0.7,0.3,mean_p_A_given_G1_top5,0.41903999999999997,0.0010653174650315747,1000
50,0.05,0.7,0.3,mean_pi_top5,0.3083199999999999,0.0008590200902863191,1000
50,0.05,0.7,0.3,LR1_pos_rank1,1.1998090362746856,0.0012500237049139832,1000
50,0.05,0.7,0.3,LR2_pos_rank1,1.2089919932693438,0.001182278379081191,1000
50,0.05,0.7,0.3,LR1_pos_rank2,1.1658870490718938,0.0009477705772275168,1000
50,0.05,0.7,0.3,LR2_pos_rank2,1.1768511892519686,0.0008999261305212224,1000
50,0.05,0.7,0.3,LR1_pos_rank3,1.1458964383544625,0.0008186290734383377,1000
50,0.05,0.7,0.3,LR2_pos_rank3,1.1578509290870298,0.0007790665411359317,1000
50,0.05,0.7,0.3,LR1_pos_rank4,1.1310438048330012,0.0007461640325758846,1000
50,0.05,0.7,0.3,LR2_pos_rank4,1.1437065728123872,0.0007111764448299997,1000
50,0.05,0.7,0.3,LR1_pos_rank5,1.1195537049325428,0.0007101616218895061,1000
50,0.05,0.7,0.3,LR2_pos_rank5,1.1327481265672419,0.0006776913314899221,1000
50,0.05,0.7,0.3,LR1_neg_rank1,1.532161687557311,0.0036727480507176813,1000
50,0.05,0.7,0.3,LR2_neg_rank1,1.5179446514849264,0.0033508063850326134,1000
50,0.05,0.7,0.3,LR1_neg_rank2,1.434886648456557,0.0026499791827256187,1000
50,0.05,0.7,0.3,LR2_neg_rank2,1.4287089963835378,0.002446589067803076,1000
50,0.05,0.7,0.3,LR1_neg_rank3,1.3822227256594777,0.002234538126222402,1000
50,0.05,0.7,0.3,LR2_neg_rank3,1.3799707481639447,0.002074953926600798,1000
50,0.05,0.7,0.3,LR1_neg_rank4,1.3425357375731228,0.001979698093913766,1000
50,0.05,0.7,0.3,LR2_neg_rank4,1.343051923045602,0.0018462534068119844,1000
50,0.05,0.7,0.3,LR1_neg_rank5,1.311542859730213,0.0018539457849472314,1000
50,0.05,0.7,0.3,LR2_neg_rank5,1.3141022755729377,0.001734975327774466,1000
50,0.05,0.7,0.3,fresh_ppv_top5,0.05015593866372274,0.0001488094193852659,1000
50,0.05,0.7,0.3,fresh_p_A_given_G1_top5,0.30972000000000005,0.0012706912513495386,1000
50,0.05,0.7,0.3,fresh_LR1_top5,1.0176757334883835,0.003084666342814521,1000
50,0.05,0.7,0.3,original_ppv_top5,0.0684272445378988,9.562035352620035e-05,1000
50,0.05,0.8,0.2,share_negative_top5,1.0,0.0,1000
50,0.05,0.8,0.2,mean_p_A_given_G1_top5,0.29584,0.0005368711490019094,1000
50,0.05,0.8,0.2,mean_pi_top5,0.20000000000000004,8.78147550742909e-19,1000
50,0.05,0.8,0.2,LR1_pos_rank1,1.1442081032000322,0.0008863242336263182,1000
50,0.05,0.8,0.2,LR2_pos_rank1,1.156238020375566,0.0008433946361018343,1000
50,0.05,0.8,0.2,LR1_pos_rank2,1.1207037624129894,0.0006892073136488932,1000
50,0.05,0.8,0.2,LR2_pos_rank2,1.1338472146005474,0.000657501806382834,1000
50,0.05,0.8,0.2,LR1_pos_rank3,1.1069633045034293,0.0006093409405283969,1000
50,0.05,0.8,0.2,LR2_pos_rank3,1.1207293141131498,0.0005822268780603239,1000
50,0.05,0.8,0.2,LR1_pos_rank4,1.0965266460427447,0.0005606822916407586,1000
50,0.05,0.8,0.2,LR2_pos_rank4,1.1107522776181187,0.0005362986455995697,1000
50,0.05,0.8,0.2,LR1_pos_rank5,1.0872724567790064,0.0005209950377187563,1000
50,0.05,0.8,0.2,LR2_pos_rank5,1.1018964445931834,0.0004988944022685265,1000
50,0.05,0.8,0.2,LR1_neg_rank1,1.728518693639105,0.0050530353048021,1000
50,0.05,0.8,0.2,LR2_neg_rank1,1.6955409205925003,0.0045068408357362725,1000
50,0.05,0.8,0.2,LR1_neg_rank2,1.596804961001657,0.003604444031873879,1000
50,0.05,0.8,0.2,LR2_neg_rank2,1.5769875174763437,0.0032712352675672287,1000
50,0.05,0.8,0.2,LR1_neg_rank3,1.522892701880691,0.003053638022039916,1000
50,0.05,0.8,0.2,LR2_neg_rank3,1.5096381420739655,0.0027949036790512233,1000
50,0.05,0.8,0.2,LR1_neg_rank4,1.4671374777643749,0.0026881606159797748,1000
50,0.05,0.8,0.2,LR2_neg_rank4,1.4584775311056875,0.0024749151098927336,1000
50,0.05,0.8,0.2,LR1_neg_rank5,1.4231229656085405,0.002467863108159239,1000
50,0.05,0.8,0.2,LR2_neg_rank5,1.4178662456584956,0.0022820269507231095,1000
50,0.05,0.8,0.2,fresh_ppv_top5,0.04977344786505104,0.0001944700326475777,1000
50,0.05,0.8,0.2,fresh_p_A_given_G1_top5,0.19906800000000005,0.0008066660313203267,1000
50,0.05,0.8,0.2,fresh_LR1_top5,1.0274843224242383,0.004026223225939309,1000
50,0.05,0.8,0.2,original_ppv_top5,0.07444697726410411,0.0001261103713814239,1000
50,0.05,0.9,0.1,share_negative_top5,1.0,0.0,1000
50,0.05,0.9,0.1,mean_p_A_given_G1_top5,0.17386400000000005,0.0004673755919428655,1000
50,0.05,0.9,0.1,mean_pi_top5,0.10000000000000002,4.390737753714545e-19,1000
50,0.05,0.9,0.1,LR1_pos_rank1,1.0859487462198463,0.000467909072511731,1000
50,0.05,0.9,0.1,LR2_pos_rank1,1.1006312845236872,0.0004480895646365297,1000
50,0.05,0.9,0.1,LR1_pos_rank2,1.0722952755299184,0.00037032377338825663,1000
50,0.05,0.9,0.1,LR2_pos_rank2,1.087549521956633,0.00035514447426959007,1000
50,0.05,0.9,0.1,LR1_pos_rank3,1.0641083557111957,0.0003360589990943597,1000
50,0.05,0.9,0.1,LR2_pos_rank3,1.079695515577092,0.00032259946288603573,1000
50,0.05,0.9,0.1,LR1_pos_rank4,1.058019385085967,0.0003152074969345713,1000
50,0.05,0.9,0.1,LR2_pos_rank4,1.0738497021065527,0.0003027620589973413,1000
50,0.05,0.9,0.1,LR1_pos_rank5,1.0527738020787285,0.0002996774466153168,1000
50,0.05,0.9,0.1,LR2_pos_rank5,1.0688105944931838,0.00028800269249217324,1000
50,0.05,0.9,0.1,LR1_neg_rank1,2.2142045485525594,0.009192777422457223,1000
50,0.05,0.9,0.1,LR2_neg_rank1,2.1193677009165994,0.007777341384598088,1000
50,0.05,0.9,0.1,LR1_neg_rank2,1.977432363601789,0.006298021124133303,1000
50,0.05,0.9,0.1,LR2_neg_rank2,1.9158804465302093,0.005497883693891783,1000
50,0.05,0.9,0.1,LR1_neg_rank3,1.8492927074823866,0.0051441546043515815,1000
50,0.05,0.9,0.1,LR2_neg_rank3,1.8033669105341428,0.004555995436049542,1000
50,0.05,0.9,0.1,LR1_neg_rank4,1.754627413653473,0.004562519225428791,1000
50,0.05,0.9,0.1,LR2_neg_rank4,1.7191691991220281,0.004080453694507964,1000
50,0.05,0.9,0.1,LR1_neg_rank5,1.6818778474775882,0.004172265520242065,1000
50,0.05,0.9,0.1,LR2_neg_rank5,1.6538932075959971,0.0037588776609680692,1000
50,0.05,0.9,0.1,fresh_ppv_top5,0.05009412825980716,0.00030011710539970256,1000
50,0.05,0.9,0.1,fresh_p_A_given_G1_top5,0.10049200000000001,0.0006074857817060208,1000
50,0.05,0.9,0.1,fresh_LR1_top5,1.085790828954662,0.006254488500125238,1000
50,0.05,0.9,0.1,original_ppv_top5,0.08795919379544336,0.00021652528328595453,1000
100,0.1,0.5,0.5,share_negative_top5,0.5045999999999999,0.006970468235881104,1000
100,0.1,0.5,0.5,mean_p_A_given_G1_top5,0.593404,0.00041072311534350926,1000
100,0.1,0.5,0.5,mean_pi_top5,0.5,0.0,1000
100,0.1,0.5,0.5,LR1_pos_rank1,1.2406479867323057,0.0015607674879546468,1000
100,0.1,0.5,0.5,LR2_pos_rank1,1.220730774981347,0.0013451142887015862,1000
100,0.1,0.5,0.5,LR1_pos_rank2,1.198734580980604,0.001204219121094759,1000
100,0.1,0.5,0.5,LR2_pos_rank2,1.18445121619498,0.0010475085500167047,1000
100,0.1,0.5,0.5,LR1_pos_rank3,1.1730274274733556,0.0009776793263351767,1000
100,0.1,0.5,0.5,LR2_pos_rank3,1.1620416675408034,0.0008553598439547535,1000
100,0.1,0.5,0.5,LR1_pos_rank4,1.1547706063104342,0.0008742260749669651,1000
100,0.1,0.5,0.5,LR2_pos_rank4,1.1460437341064038,0.0007678289735108225,1000
100,0.1,0.5,0.5,LR1_pos_rank5,1.1409747437767002,0.0007994518405637864,1000
100,0.1,0.5,0.5,LR2_pos_rank5,1.1339146625305394,0.0007043235777957111,1000
100,0.1,0.5,0.5,LR1_neg_rank1,1.2415983199657536,0.0015888129159623995,1000
100,0.1,0.5,0.5,LR2_neg_rank1,1.2215443755632391,0.0013686938282536992,1000
100,0.1,0.5,0.5,LR1_neg_rank2,1.1968409933618323,0.0011503103794865085,1000
100,0.1,0.5,0.5,LR2_neg_rank2,1.1828121557398683,0.0010012221641661691,1000
100,0.1,0.5,0.5,LR1_neg_rank3,1.1725471838824355,0.0009683706422551928,1000
100,0.1,0.5,0.5,LR2_neg_rank3,1.1616226848327313,0.0008476227229849961,1000
100,0.1,0.5,0.5,LR1_neg_rank4,1.155485467046462,0.000894986291549351,1000
100,0.1,0.5,0.5,LR2_neg_rank4,1.1466686624949156,0.0007862496928703449,1000
100,0.1,0.5,0.5,LR1_neg_rank5,1.1415379954682785,0.0008369449196034995,1000
100,0.1,0.5,0.5,LR2_neg_rank5,1.1344055890855784,0.0007373251502714263,1000
100,0.1,0.5,0.5,fresh_ppv_top5,0.09994028653201713,0.00014090721606448278,1000
100,0.1,0.5,0.5,fresh_p_A_given_G1_top5,0.49942,0.0007416506223591038,1000
100,0.1,0.5,0.5,fresh_LR1_top5,1.000430029747607,0.001550498504132875,1000
100,0.1,0.5,0.5,original_ppv_top5,0.1191456187635025,7.040054058849659e-05,1000
100,0.1,0.6,0.4,share_negative_top5,0.8090000000000002,0.005541634209302317,1000
100,0.1,0.6,0.4,mean_p_A_given_G1_top5,0.5256379999999999,0.0012522879785341634,1000
100,0.1,0.6,0.4,mean_pi_top5,0.43820000000000003,0.001108326841860463,1000
100,0.1,0.6,0.4,LR1_pos_rank1,1.192526616481968,0.0012497233251853941,1000
100,0.1,0.6,0.4,LR2_pos_rank1,1.1790302892154076,0.0010870276786036207,1000
100,0.1,0.6,0.4,LR1_pos_rank2,1.158300984626071,0.0009074278272854637,1000
100,0.1,0.6,0.4,LR2_pos_rank2,1.149139917740053,0.0007960980277779343,1000
100,0.1,0.6,0.4,LR1_pos_rank3,1.1392607282044447,0.0007869332719909861,1000
100,0.1,0.6,0.4,LR2_pos_rank3,1.1324058167791682,0.0006932160779950375,1000
100,0.1,0.6,0.4,LR1_pos_rank4,1.1253939427341404,0.0007324963054646186,1000
100,0.1,0.6,0.4,LR2_pos_rank4,1.1201729577732848,0.0006470934745999086,1000
100,0.1,0.6,0.4,LR1_pos_rank5,1.1137545974206973,0.0006817664855050943,1000
100,0.1,0.6,0.4,LR2_pos_rank5,1.1098792138888156,0.0006037414084612818,1000
100,0.1,0.6,0.4,LR1_neg_rank1,1.3006615523431837,0.002001296779329,1000
100,0.1,0.6,0.4,LR2_neg_rank1,1.2721494068566261,0.0017003604736680214,1000
100,0.1,0.6,0.4,LR1_neg_rank2,1.2471323461183499,0.0014852774256545176,1000
100,0.1,0.6,0.4,LR2_neg_rank2,1.2263492172794712,0.0012787154817487081,1000
100,0.1,0.6,0.4,LR1_neg_rank3,1.2154389114752602,0.0012508841496401493,1000
100,0.1,0.6,0.4,LR2_neg_rank3,1.1989697077759902,0.001084499722288631,1000
100,0.1,0.6,0.4,LR1_neg_rank4,1.193570841034093,0.0011187279100657362,1000
100,0.1,0.6,0.4,LR2_neg_rank4,1.179967473669933,0.0009745455388725301,1000
100,0.1,0.6,0.4,LR1_neg_rank5,1.1759608908643535,0.0010372132443959312,1000
100,0.1,0.6,0.4,LR2_neg_rank5,1.1645990972895917,0.0009067221952793034,1000
100,0.1,0.6,0.4,fresh_ppv_top5,0.09996344737854815,0.00015073369264226666,1000
100,0.1,0.6,0.4,fresh_p_A_given_G1_top5,0.43762599999999996,0.001315405038159127,1000
100,0.1,0.6,0.4,fresh_LR1_top5,1.0026212151507978,0.0016605377066593347,1000
100,0.1,0.6,0.4,original_ppv_top5,0.12057427441933417,9.115489332286443e-05,1000
100,0.1,0.7,0.3,share_negative_top5,0.9768000000000001,0.0022331024935606392,1000
100,0.1,0.7,0.3,mean_p_A_given_G1_top5,0.38409400000000005,0.001031769214365166,1000
100,0.1,0.7,0.3,mean_pi_top5,0.3092799999999999,0.0008932409974242559,1000
100,0.1,0.7,0.3,LR1_pos_rank1,1.1513691717211205,0.0010420428834415035,1000
100,0.1,0.7,0.3,LR2_pos_rank1,1.143025716811932,0.0009148818262661545,1000
100,0.1,0.7,0.3,LR1_pos_rank2,1.1253630325744317,0.0007408964480558141,1000
100,0.1,0.7,0.3,LR2_pos_rank2,1.1201445788832676,0.0006541080713639421,1000
100,0.1,0.7,0.3,LR1_pos_rank3,1.109338156364854,0.0006390272601826813,1000
100,0.1,0.7,0.3,LR2_pos_rank3,1.1059697016352943,0.0005661472765508897,1000
100,0.1,0.7,0.3,LR1_pos_rank4,1.0980037444541613,0.0005597837206536886,1000
100,0.1,0.7,0.3,LR2_pos_rank4,1.0959160663437468,0.0004973622404037064,1000
100,0.1,0.7,0.3,LR1_pos_rank5,1.0896174958666984,0.0005237944438056275,1000
100,0.1,0.7,0.3,LR2_pos_rank5,1.0884600625692222,0.0004661582320306042,1000
100,0.1,0.7,0.3,LR1_neg_rank1,1.387614210502223,0.0026064594351822975,1000
100,0.1,0.7,0.3,LR2_neg_rank1,1.3455495195172154,0.0021780654013411867,1000
100,0.1,0.7,0.3,LR1_neg_rank2,1.3167509602236473,0.001991774658743286,1000
100,0.1,0.7,0.3,LR2_neg_rank2,1.285869544239155,0.0016911084527768915,1000
100,0.1,0.7,0.3,LR1_neg_rank3,1.2752561735222585,0.001651501490114495,1000
100,0.1,0.7,0.3,LR2_neg_rank3,1.250506815798486,0.0014146564782574348,1000
100,0.1,0.7,0.3,LR1_neg_rank4,1.2480801117219111,0.0014942425667947422,1000
100,0.1,0.7,0.3,LR2_neg_rank4,1.2271645256764887,0.0012875155581123152,1000
100,0.1,0.7,0.3,LR1_neg_rank5,1.2242198344620452,0.0013801837123937335,1000
100,0.1,0.7,0.3,LR2_neg_rank5,1.2065585748770995,0.0011946998395864308,1000
100,0.1,0.7,0.3,fresh_ppv_top5,0.09992748426922055,0.00020284798541773412,1000
100,0.1,0.7,0.3,fresh_p_A_given_G1_top5,0.309348,0.0010898268755259333,1000
100,0.1,0.7,0.3,fresh_LR1_top5,1.0074149308490141,0.0022388739617075146,1000
100,0.1,0.7,0.3,original_ppv_top5,0.12511484074702012,0.0001291741781467853,1000
100,0.1,0.8,0.2,share_negative_top5,0.9994000000000001,0.00034606323086938846,1000
100,0.1,0.8,0.2,mean_p_A_given_G1_top5,0.26635,0.0004389192979924102,1000
100,0.1,0.8,0.2,mean_pi_top5,0.20036000000000004,0.0002076379385216332,1000
100,0.1,0.8,0.2,LR1_pos_rank1,1.1109934174558092,0.0006881347528490279,1000
100,0.1,0.8,0.2,LR2_pos_rank1,1.1074315057893362,0.000609296169350272,1000
100,0.1,0.8,0.2,LR1_pos_rank2,1.0921132551226747,0.0005235583208896108,1000
100,0.1,0.8,0.2,LR2_pos_rank2,1.0906813407661502,0.00046562270894653446,1000
100,0.1,0.8,0.2,LR1_pos_rank3,1.0811062958600568,0.00044799435522030614,1000
100,0.1,0.8,0.2,LR2_pos_rank3,1.080883229658632,0.00039937893471883275,1000
100,0.1,0.8,0.2,LR1_pos_rank4,1.072635138707729,0.00040133235252239627,1000
100,0.1,0.8,0.2,LR2_pos_rank4,1.0733262415445013,0.00035844410286673333,1000
100,0.1,0.8,0.2,LR1_pos_rank5,1.0659264490495932,0.0003672589686113316,1000
100,0.1,0.8,0.2,LR2_pos_rank5,1.0673319708234956,0.0003284942823907528,1000
100,0.1,0.8,0.2,LR1_neg_rank1,1.5371842284073076,0.0038707433182422,1000
100,0.1,0.8,0.2,LR2_neg_rank1,1.4687136602610322,0.0031219019212699777,1000
100,0.1,0.8,0.2,LR1_neg_rank2,1.4343595630637767,0.0025968758089304628,1000
100,0.1,0.8,0.2,LR2_neg_rank2,1.3846261890796954,0.002151592144015335,1000
100,0.1,0.8,0.2,LR1_neg_rank3,1.377865983286236,0.002196290650107135,1000
100,0.1,0.8,0.2,LR2_neg_rank3,1.3375156926276768,0.0018427867579766332,1000
100,0.1,0.8,0.2,LR1_neg_rank4,1.33874498913005,0.0019859242325208472,1000
100,0.1,0.8,0.2,LR2_neg_rank4,1.3045535290386017,0.0016808671945343578,1000
100,0.1,0.8,0.2,LR1_neg_rank5,1.305977861500359,0.0018059622221411177,1000
100,0.1,0.8,0.2,LR2_neg_rank5,1.2767474671890426,0.001538715963094055,1000
100,0.1,0.8,0.2,fresh_ppv_top5,0.10033164140055413,0.0002714875318752909,1000
100,0.1,0.8,0.2,fresh_p_A_given_G1_top5,0.20109400000000002,0.0006063586684750494,1000
100,0.1,0.8,0.2,fresh_LR1_top5,1.0213284709565262,0.003005315529659024,1000
100,0.1,0.8,0.2,original_ppv_top5,0.1336057483270456,0.00016928155517411135,1000
100,0.1,0.9,0.1,share_negative_top5,1.0,0.0,1000
100,0.1,0.9,0.1,mean_p_A_given_G1_top5,0.148972,0.0003227869380991235,1000
100,0.1,0.9,0.1,mean_pi_top5,0.10000000000000002,4.390737753714545e-19,1000
100,0.1,0.9,0.1,LR1_pos_rank1,1.0693427968933276,0.0004029155554872225,1000
100,0.1,0.9,0.1,LR2_pos_rank1,1.0703842561045784,0.0003599426326374304,1000
100,0.1,0.9,0.1,LR1_pos_rank2,1.0578547556403073,0.00031137095276467135,1000
100,0.1,0.9,0.1,LR2_pos_rank2,1.0601097496726257,0.00027891223693135765,1000
100,0.1,0.9,0.1,LR1_pos_rank3,1.0511270509853647,0.0002755268991026554,1000
100,0.1,0.9,0.1,LR2_pos_rank3,1.054080197267121,0.00024714143836204305,1000
100,0.1,0.9,0.1,LR1_pos_rank4,1.0460296846767734,0.0002498061806586589,1000
100,0.1,0.9,0.1,LR2_pos_rank4,1.0495061639644723,0.00022427990006486457,1000
100,0.1,0.9,0.1,LR1_pos_rank5,1.0420754847875981,0.00023600098262120843,1000
100,0.1,0.9,0.1,LR2_pos_rank5,1.0459543681130448,0.00021207734023341446,1000
100,0.1,0.9,0.1,LR1_neg_rank1,1.8519790886821288,0.006309473983440229,1000
100,0.1,0.9,0.1,LR2_neg_rank1,1.7163236864823905,0.004797359917311107,1000
100,0.1,0.9,0.1,LR1_neg_rank2,1.689103808916669,0.0043690657288064936,1000
100,0.1,0.9,0.1,LR2_neg_rank2,1.590594037733516,0.003437552772021124,1000
100,0.1,0.9,0.1,LR1_neg_rank3,1.5938891581594055,0.003649649495048855,1000
100,0.1,0.9,0.1,LR2_neg_rank3,1.5148538727518273,0.0029313168504087905,1000
100,0.1,0.9,0.1,LR1_neg_rank4,1.532388490343409,0.003240358784764467,1000
100,0.1,0.9,0.1,LR2_neg_rank4,1.465137272857587,0.0026385727946183165,1000
100,0.1,0.9,0.1,LR1_neg_rank5,1.4809185404697365,0.0028893618139848847,1000
100,0.1,0.9,0.1,LR2_neg_rank5,1.4230658391568367,0.0023789836119695075,1000
100,0.1,0.9,0.1,fresh_ppv_top5,0.09988692343870989,0.0003969917565364555,1000
100,0.1,0.9,0.1,fresh_p_A_given_G1_top5,0.09994600000000002,0.00041642104952858776,1000
100,0.1,0.9,0.1,fresh_LR1_top5,1.0440780689884483,0.004415495861390481,1000
100,0.1,0.9,0.1,original_ppv_top5,0.15067361544039312,0.0002708263148568182,1000
200,0.2,0.5,0.5,share_negative_top5,0.5006,0.00683273929887028,1000
200,0.2,0.5,0.5,mean_p_A_given_G1_top5,0.5622440000000001,0.0003268015655765178,1000
200,0.2,0.5,0.5,mean_pi_top5,0.5,0.0,1000
200,0.2,0.5,0.5,LR1_pos_rank1,1.1840835792895839,0.0012439257989816648,1000
200,0.2,0.5,0.5,LR2_pos_rank1,1.1451131513718484,0.0009229532513898839,1000
200,0.2,0.5,0.5,LR1_pos_rank2,1.1509437023006013,0.0009038673744747906,1000
200,0.2,0.5,0.5,LR2_pos_rank2,1.1203432625444056,0.0006810918699965141,1000
200,0.2,0.5,0.5,LR1_pos_rank3,1.1323060727773493,0.0007707457281527487,1000
200,0.2,0.5,0.5,LR2_pos_rank3,1.1062455391096941,0.0005854774636584495,1000
200,0.2,0.5,0.5,LR1_pos_rank4,1.1189108294763612,0.0007032502950238791,1000
200,0.2,0.5,0.5,LR2_pos_rank4,1.0960408762673377,0.0005372768941499871,1000
200,0.2,0.5,0.5,LR1_pos_rank5,1.107238198877256,0.000640499665476118,1000
200,0.2,0.5,0.5,LR2_pos_rank5,1.0871045481428214,0.0004916179324105345,1000
200,0.2,0.5,0.5,LR1_neg_rank1,1.1848642667123408,0.001249660733231114,1000
200,0.2,0.5,0.5,LR2_neg_rank1,1.145693229732876,0.0009271183965484318,1000
200,0.2,0.5,0.5,LR1_neg_rank2,1.1522298719572577,0.0008822159800497272,1000
200,0.2,0.5,0.5,LR2_neg_rank2,1.1213201721631612,0.0006651418695559133,1000
200,0.2,0.5,0.5,LR1_neg_rank3,1.1327639361325437,0.0007602682688504451,1000
200,0.2,0.5,0.5,LR2_neg_rank3,1.1065962229373363,0.0005778296821998733,1000
200,0.2,0.5,0.5,LR1_neg_rank4,1.1193320899882158,0.0006890713901066001,1000
200,0.2,0.5,0.5,LR2_neg_rank4,1.0963659885079766,0.0005266549163101632,1000
200,0.2,0.5,0.5,LR1_neg_rank5,1.1082659279299802,0.0006519133387030152,1000
200,0.2,0.5,0.5,LR2_neg_rank5,1.0878918793658516,0.0005002848209996945,1000
200,0.2,0.5,0.5,fresh_ppv_top5,0.19992050738596978,0.00017774068568632794,1000
200,0.2,0.5,0.5,fresh_p_A_given_G1_top5,0.500146,0.0004869720996379833,1000
200,0.2,0.5,0.5,fresh_LR1_top5,1.0007314126206104,0.001108183144219363,1000
200,0.2,0.5,0.5,original_ppv_top5,0.22565647407282022,9.638339008883214e-05,1000
200,0.2,0.6,0.4,share_negative_top5,0.8086000000000001,0.00558544870509409,1000
200,0.2,0.6,0.4,mean_p_A_given_G1_top5,0.49601599999999996,0.0012331432951552656,1000
200,0.2,0.6,0.4,mean_pi_top5,0.4382800000000001,0.0011170897410188179,1000
200,0.2,0.6,0.4,LR1_pos_rank1,1.1470279344438645,0.0009669684021390386,1000
200,0.2,0.6,0.4,LR2_pos_rank1,1.1173656646561605,0.0007293023541468429,1000
200,0.2,0.6,0.4,LR1_pos_rank2,1.1219495272192461,0.0007537293513464656,1000
200,0.2,0.6,0.4,LR2_pos_rank2,1.0983529822709028,0.0005743042012223417,1000
200,0.2,0.6,0.4,LR1_pos_rank3,1.1061146677633649,0.0006458286272431462,1000
200,0.2,0.6,0.4,LR2_pos_rank3,1.0862400261947391,0.0004955989676085368,1000
200,0.2,0.6,0.4,LR1_pos_rank4,1.0949164464150207,0.0005700320237226443,1000
200,0.2,0.6,0.4,LR2_pos_rank4,1.0776263016620318,0.0004394380528823897,1000
200,0.2,0.6,0.4,LR1_pos_rank5,1.0856327560468522,0.0005115347972698879,1000
200,0.2,0.6,0.4,LR2_pos_rank5,1.0704544631095354,0.0003961332191377958,1000
200,0.2,0.6,0.4,LR1_neg_rank1,1.2343867542225675,0.0016277085537823117,1000
200,0.2,0.6,0.4,LR2_neg_rank1,1.1821163397937264,0.0011828516294545071,1000
200,0.2,0.6,0.4,LR1_neg_rank2,1.1881422790991383,0.0011194636229650472,1000
200,0.2,0.6,0.4,LR2_neg_rank2,1.1481795553938392,0.0008311917116017078,1000
200,0.2,0.6,0.4,LR1_neg_rank3,1.164513090540369,0.0009801996501316785,1000
200,0.2,0.6,0.4,LR2_neg_rank3,1.1305460412329158,0.0007347454229529239,1000
200,0.2,0.6,0.4,LR1_neg_rank4,1.14749158116866,0.0008843291978014167,1000
200,0.2,0.6,0.4,LR2_neg_rank4,1.117738688511438,0.0006679586444547752,1000
200,0.2,0.6,0.4,LR1_neg_rank5,1.1331637748184267,0.0008118903863010265,1000
200,0.2,0.6,0.4,LR2_neg_rank5,1.106888386227395,0.0006167637421446141,1000
200,0.2,0.6,0.4,fresh_ppv_top5,0.1999842178520038,0.00020977725909280713,1000
200,0.2,0.6,0.4,fresh_p_A_given_G1_top5,0.43798000000000004,0.001203294443400084,1000
200,0.2,0.6,0.4,fresh_LR1_top5,1.0022225450422015,0.001307094274066306,1000
200,0.2,0.6,0.4,original_ppv_top5,0.2276613721491896,0.00012182223231742775,1000
200,0.2,0.7,0.3,share_negative_top5,0.9752000000000001,0.0022869609070096035,1000
200,0.2,0.7,0.3,mean_p_A_given_G1_top5,0.36007000000000006,0.0009971847759956416,1000
200,0.2,0.7,0.3,mean_pi_top5,0.30992,0.0009147843628038417,1000
200,0.2,0.7,0.3,LR1_pos_rank1,1.1162191589558867,0.0007413131204602573,1000
200,0.2,0.7,0.3,LR2_pos_rank1,1.0939727911332697,0.0005660524432945639,1000
200,0.2,0.7,0.3,LR1_pos_rank2,1.096063823998169,0.0005446499592373261,1000
200,0.2,0.7,0.3,LR2_pos_rank2,1.0785163014917178,0.00041990637101164507,1000
200,0.2,0.7,0.3,LR1_pos_rank3,1.0839330787798054,0.0004671667642005755,1000
200,0.2,0.7,0.3,LR2_pos_rank3,1.0691434550314052,0.00036208180751806516,1000
200,0.2,0.7,0.3,LR1_pos_rank4,1.0751029564055217,0.00042873431315148327,1000
200,0.2,0.7,0.3,LR2_pos_rank4,1.0622892001656146,0.0003333733511373463,1000
200,0.2,0.7,0.3,LR1_pos_rank5,1.0681656726542141,0.0004014362940746397,1000
200,0.2,0.7,0.3,LR2_pos_rank5,1.056886771701084,0.0003130338965853593,1000
200,0.2,0.7,0.3,LR1_neg_rank1,1.2994461290698949,0.0021843503570665693,1000
200,0.2,0.7,0.3,LR2_neg_rank1,1.2288462080695681,0.0015434263439931904,1000
200,0.2,0.7,0.3,LR1_neg_rank2,1.240431912400481,0.0014389123276454287,1000
200,0.2,0.7,0.3,LR2_neg_rank2,1.1866132501363136,0.0010465521186909957,1000
200,0.2,0.7,0.3,LR1_neg_rank3,1.2095832607708525,0.0012300200592750658,1000
200,0.2,0.7,0.3,LR2_neg_rank3,1.1640426823140577,0.0009056677856363057,1000
200,0.2,0.7,0.3,LR1_neg_rank4,1.1873247328969725,0.0010890772750585325,1000
200,0.2,0.7,0.3,LR2_neg_rank4,1.1475800843463484,0.0008099469345791016,1000
200,0.2,0.7,0.3,LR1_neg_rank5,1.170044635014732,0.0010019695454302393,1000
200,0.2,0.7,0.3,LR2_neg_rank5,1.1346919072716692,0.0007503695568136636,1000
200,0.2,0.7,0.3,fresh_ppv_top5,0.19957245948137378,0.0002676510036994739,1000
200,0.2,0.7,0.3,fresh_p_A_given_G1_top5,0.309319,0.001030112795460464,1000
200,0.2,0.7,0.3,fresh_LR1_top5,1.0025651934209332,0.0016684891577737498,1000
200,0.2,0.7,0.3,original_ppv_top5,0.2336571656166907,0.00016708262812634907,1000
200,0.2,0.8,0.2,share_negative_top5,0.9992000000000001,0.0003993989478197452,1000
200,0.2,0.8,0.2,mean_p_A_given_G1_top5,0.24300600000000003,0.0003776779111949819,1000
200,0.2,0.8,0.2,mean_pi_top5,0.20048000000000005,0.00023963936869184709,1000
200,0.2,0.8,0.2,LR1_pos_rank1,1.08625860155188,0.0005674914089923026,1000
200,0.2,0.8,0.2,LR2_pos_rank1,1.0709302692373535,0.00043877459783149927,1000
200,0.2,0.8,0.2,LR1_pos_rank2,1.070495146957688,0.0004133666501309036,1000
200,0.2,0.8,0.2,LR2_pos_rank2,1.0587021915886348,0.0003219163474569394,1000
200,0.2,0.8,0.2,LR1_pos_rank3,1.061534536654511,0.0003577526023207871,1000
200,0.2,0.8,0.2,LR2_pos_rank3,1.0517106709792954,0.00027973057737709926,1000
200,0.2,0.8,0.2,LR1_pos_rank4,1.055257732804658,0.000322596553725774,1000
200,0.2,0.8,0.2,LR2_pos_rank4,1.046797466769667,0.00025294812025343944,1000
200,0.2,0.8,0.2,LR1_pos_rank5,1.0506323636371862,0.00030744761052126513,1000
200,0.2,0.8,0.2,LR2_pos_rank5,1.0431678510308597,0.00024151447322722625,1000
200,0.2,0.8,0.2,LR1_neg_rank1,1.3980534420575688,0.0027491392986810823,1000
200,0.2,0.8,0.2,LR2_neg_rank1,1.2975964214221472,0.0018719426658853017,1000
200,0.2,0.8,0.2,LR1_neg_rank2,1.3231243976759055,0.002070301717098241,1000
200,0.2,0.8,0.2,LR2_neg_rank2,1.2457364725254287,0.00145319264063089,1000
200,0.2,0.8,0.2,LR1_neg_rank3,1.280706078781581,0.0016937481769425155,1000
200,0.2,0.8,0.2,LR2_neg_rank3,1.2156743822322968,0.0012150242414399868,1000
200,0.2,0.8,0.2,LR1_neg_rank4,1.251290429654865,0.0014896314700323559,1000
200,0.2,0.8,0.2,LR2_neg_rank4,1.1945010205683675,0.0010811303278094632,1000
200,0.2,0.8,0.2,LR1_neg_rank5,1.2255551515275824,0.0013716777682839046,1000
200,0.2,0.8,0.2,LR2_neg_rank5,1.1757498934426542,0.001005943133400303,1000
200,0.2,0.8,0.2,fresh_ppv_top5,0.2001360561078734,0.0003774912614230569,1000
200,0.2,0.8,0.2,fresh_p_A_given_G1_top5,0.20072800000000002,0.00047405774621531795,1000
200,0.2,0.8,0.2,fresh_LR1_top5,1.0115577543460794,0.0023633761349560883,1000
200,0.2,0.8,0.2,original_ppv_top5,0.24388509509077108,0.0002224496326445899,1000
200,0.2,0.9,0.1,share_negative_top5,1.0,0.0,1000
200,0.2,0.9,0.1,mean_p_A_given_G1_top5,0.131833,0.00023481961428136976,1000
200,0.2,0.9,0.1,mean_pi_top5,0.10000000000000002,4.390737753714545e-19,1000
200,0.2,0.9,0.1,LR1_pos_rank1,1.0555952719521138,0.0003703766049961554,1000
200,0.2,0.9,0.1,LR2_pos_rank1,1.0470570645997404,0.00029008299297968474,1000
200,0.2,0.9,0.1,LR1_pos_rank2,1.045927191494501,0.00026862438090939796,1000
200,0.2,0.9,0.1,LR2_pos_rank2,1.0394707531554102,0.00021131787369579237,1000
200,0.2,0.9,0.1,LR1_pos_rank3,1.040297794281259,0.00023028835591476136,1000
200,0.2,0.9,0.1,LR2_pos_rank3,1.0350371582677527,0.00018161271384277625,1000
200,0.2,0.9,0.1,LR1_pos_rank4,1.036355996924705,0.00021307162125497428,1000
200,0.2,0.9,0.1,LR2_pos_rank4,1.0319258689815056,0.00016830285061964596,1000
200,0.2,0.9,0.1,LR1_pos_rank5,1.0329876653076908,0.00019728855229499142,1000
200,0.2,0.9,0.1,LR2_pos_rank5,1.0292633422188142,0.000156071270765715,1000
200,0.2,0.9,0.1,LR1_neg_rank1,1.644891239108128,0.004866982286318811,1000
200,0.2,0.9,0.1,LR2_neg_rank1,1.4582383755031256,0.0030097719646158595,1000
200,0.2,0.9,0.1,LR1_neg_rank2,1.5152091709228035,0.003302371507976278,1000
200,0.2,0.9,0.1,LR2_neg_rank2,1.3760983278501822,0.0021572973663692065,1000
200,0.2,0.9,0.1,LR1_neg_rank3,1.4470401792598,0.0027201877269490086,1000
200,0.2,0.9,0.1,LR2_neg_rank3,1.3310174678170488,0.0018261486778588078,1000
200,0.2,0.9,0.1,LR1_neg_rank4,1.3971610992978634,0.0024202427289512878,1000
200,0.2,0.9,0.1,LR2_neg_rank4,1.297193443576672,0.0016566487930144932,1000
200,0.2,0.9,0.1,LR1_neg_rank5,1.3567980745460368,0.002198582711829865,1000
200,0.2,0.9,0.1,LR2_neg_rank5,1.2693369190697676,0.0015274046165437414,1000
200,0.2,0.9,0.1,fresh_ppv_top5,0.19918065868014598,0.0005396515056276976,1000
200,0.2,0.9,0.1,fresh_p_A_given_G1_top5,0.099625,0.0002957056252708373,1000
200,0.2,0.9,0.1,fresh_LR1_top5,1.0208830658672103,0.003382876573740521,1000
200,0.2,0.9,0.1,original_ppv_top5,0.26692164691609077,0.0003407030272264948,1000
300,0.3,0.5,0.5,share_negative_top5,0.48880000000000007,0.006934164884298804,1000
300,0.3,0.5,0.5,mean_p_A_given_G1_top5,0.5469693333333333,0.00030640214614792265,1000
300,0.3,0.5,0.5,mean_pi_top5,0.5,0.0,1000
300,0.3,0.5,0.5,LR1_pos_rank1,1.1629875657557907,0.0011264614575685853,1000
300,0.3,0.5,0.5,LR2_pos_rank1,1.1099500485662683,0.0007113384145428402,1000
300,0.3,0.5,0.5,LR1_pos_rank2,1.1335568408466246,0.0007934283061862526,1000
300,0.3,0.5,0.5,LR2_pos_rank2,1.0911652873916833,0.0005123734664101247,1000
300,0.3,0.5,0.5,LR1_pos_rank3,1.1166255178548834,0.000687020123021619,1000
300,0.3,0.5,0.5,LR2_pos_rank3,1.0801757575687694,0.0004487451850940253,1000
300,0.3,0.5,0.5,LR1_pos_rank4,1.1039029138654572,0.0006295243453818065,1000
300,0.3,0.5,0.5,LR2_pos_rank4,1.0718389994558142,0.00041410920611166497,1000
300,0.3,0.5,0.5,LR1_pos_rank5,1.094090232927121,0.0005813362457020957,1000
300,0.3,0.5,0.5,LR2_pos_rank5,1.0653668212699565,0.0003845558682051678,1000
300,0.3,0.5,0.5,LR1_neg_rank1,1.1623761483435997,0.0011626338969990399,1000
300,0.3,0.5,0.5,LR2_neg_rank1,1.1095449804352333,0.0007363773614410776,1000
300,0.3,0.5,0.5,LR1_neg_rank2,1.1318977759470974,0.0008147481906348593,1000
300,0.3,0.5,0.5,LR2_neg_rank2,1.0900837638830407,0.0005272650802019596,1000
300,0.3,0.5,0.5,LR1_neg_rank3,1.115675933639509,0.0007077472089222721,1000
300,0.3,0.5,0.5,LR2_neg_rank3,1.0795491314641015,0.0004623354640131007,1000
300,0.3,0.5,0.5,LR1_neg_rank4,1.1035831160335323,0.0006066103345038116,1000
300,0.3,0.5,0.5,LR2_neg_rank4,1.0716336535717506,0.0003994283067710686,1000
300,0.3,0.5,0.5,LR1_neg_rank5,1.0942180568033795,0.0005823289890402048,1000
300,0.3,0.5,0.5,LR2_neg_rank5,1.065451252226458,0.0003854173549473141,1000
300,0.3,0.5,0.5,fresh_ppv_top5,0.3000327224844195,0.00021048188627061266,1000
300,0.3,0.5,0.5,fresh_p_A_given_G1_top5,0.49992733333333333,0.0004149691113364504,1000
300,0.3,0.5,0.5,fresh_LR1_top5,1.0016055173099665,0.0010013886853895715,1000
300,0.3,0.5,0.5,original_ppv_top5,0.32924197236029773,0.00011328432278884702,1000
300,0.3,0.6,0.4,share_negative_top5,0.8092,0.005778299814716155,1000
300,0.3,0.6,0.4,mean_p_A_given_G1_top5,0.48208666666666666,0.001220887632444321,1000
300,0.3,0.6,0.4,mean_pi_top5,0.4381600000000001,0.0011556599629432309,1000
300,0.3,0.6,0.4,LR1_pos_rank1,1.1297507346462639,0.0008737263448299236,1000
300,0.3,0.6,0.4,LR2_pos_rank1,1.08867290191003,0.0005642474680438394,1000
300,0.3,0.6,0.4,LR1_pos_rank2,1.1064448242724123,0.0006423156502231406,1000
300,0.3,0.6,0.4,LR2_pos_rank2,1.0735095778293329,0.000420667074647724,1000
300,0.3,0.6,0.4,LR1_pos_rank3,1.0940464408485104,0.000530839332055186,1000
300,0.3,0.6,0.4,LR2_pos_rank3,1.0653486617512085,0.00035106241376517096,1000
300,0.3,0.6,0.4,LR1_pos_rank4,1.0840948401828991,0.00048133959833776297,1000
300,0.3,0.6,0.4,LR2_pos_rank4,1.058745087652645,0.00032042791779382675,1000
300,0.3,0.6,0.4,LR1_pos_rank5,1.0764287436099598,0.00045157102888039954,1000
300,0.3,0.6,0.4,LR2_pos_rank5,1.0536297613785424,0.00030203183100596323,1000
300,0.3,0.6,0.4,LR1_neg_rank1,1.204199399559691,0.0015311571627910118,1000
300,0.3,0.6,0.4,LR2_neg_rank1,1.1357034448670122,0.0009420786976794583,1000
300,0.3,0.6,0.4,LR1_neg_rank2,1.1659554195880437,0.001068520039693585,1000
300,0.3,0.6,0.4,LR2_neg_rank2,1.1118605255160119,0.0006766502332881258,1000
300,0.3,0.6,0.4,LR1_neg_rank3,1.1446776107205296,0.0008974910207909504,1000
300,0.3,0.6,0.4,LR2_neg_rank3,1.0983118712047457,0.0005761077326337251,1000
300,0.3,0.6,0.4,LR1_neg_rank4,1.1288591375766373,0.0007699667565916229,1000
300,0.3,0.6,0.4,LR2_neg_rank4,1.0881254766425072,0.0004992551835026538,1000
300,0.3,0.6,0.4,LR1_neg_rank5,1.1166915528193027,0.0007248017914567128,1000
300,0.3,0.6,0.4,LR2_neg_rank5,1.0802088780575765,0.0004732359323172919,1000
300,0.3,0.6,0.4,fresh_ppv_top5,0.3002390552781385,0.00025377930211801695,1000
300,0.3,0.6,0.4,fresh_p_A_given_G1_top5,0.4384733333333334,0.0012281356446280885,1000
300,0.3,0.6,0.4,fresh_LR1_top5,1.003431629265472,0.0012092666340247095,1000
300,0.3,0.6,0.4,original_ppv_top5,0.33152760503514095,0.00014203469765674707,1000
300,0.3,0.7,0.3,share_negative_top5,0.9714,0.00243884972640546,1000
300,0.3,0.7,0.3,mean_p_A_given_G1_top5,0.348968,0.0010472948339105862,1000
300,0.3,0.7,0.3,mean_pi_top5,0.31143999999999994,0.0009755398905621841,1000
300,0.3,0.7,0.3,LR1_pos_rank1,1.1041106788399093,0.0007174730055619261,1000
300,0.3,0.7,0.3,LR2_pos_rank1,1.0719534196118539,0.00047085942232793777,1000
300,0.3,0.7,0.3,LR1_pos_rank2,1.085316203225699,0.0005134261311693435,1000
300,0.3,0.7,0.3,LR2_pos_rank2,1.0595526425169377,0.00034120697737349235,1000
300,0.3,0.7,0.3,LR1_pos_rank3,1.0749723479858058,0.00044208016091424143,1000
300,0.3,0.7,0.3,LR2_pos_rank3,1.052656033834068,0.00029560442562109234,1000
300,0.3,0.7,0.3,LR1_pos_rank4,1.0672141337199352,0.00039329785976269146,1000
300,0.3,0.7,0.3,LR2_pos_rank4,1.047453841449575,0.00026424780744643714,1000
300,0.3,0.7,0.3,LR1_pos_rank5,1.060813781513315,0.00036303337540387115,1000
300,0.3,0.7,0.3,LR2_pos_rank5,1.0431421393523561,0.00024496491457345063,1000
300,0.3,0.7,0.3,LR1_neg_rank1,1.2570970147026772,0.001862768488074553,1000
300,0.3,0.7,0.3,LR2_neg_rank1,1.1679464207891528,0.0011110225337482467,1000
300,0.3,0.7,0.3,LR1_neg_rank2,1.20964887182963,0.0013170883882031841,1000
300,0.3,0.7,0.3,LR2_neg_rank2,1.1391929514700658,0.0008124065018432293,1000
300,0.3,0.7,0.3,LR1_neg_rank3,1.1824542082509224,0.001117429505267926,1000
300,0.3,0.7,0.3,LR2_neg_rank3,1.1222816085453724,0.0007003002131727104,1000
300,0.3,0.7,0.3,LR1_neg_rank4,1.1633985659926345,0.0010203722154273139,1000
300,0.3,0.7,0.3,LR2_neg_rank4,1.1102521452274143,0.0006467327907699322,1000
300,0.3,0.7,0.3,LR1_neg_rank5,1.1477246160414745,0.0009060052654610794,1000
300,0.3,0.7,0.3,LR2_neg_rank5,1.1002681076155496,0.0005806486304529233,1000
300,0.3,0.7,0.3,fresh_ppv_top5,0.29956780684408923,0.00030301182381904944,1000
300,0.3,0.7,0.3,fresh_p_A_given_G1_top5,0.3110913333333333,0.0010377523411089146,1000
300,0.3,0.7,0.3,fresh_LR1_top5,1.0023483770812285,0.0014430378203422454,1000
300,0.3,0.7,0.3,original_ppv_top5,0.3379597783472199,0.00019152950525358576,1000
300,0.3,0.8,0.2,share_negative_top5,1.0,0.0,1000
300,0.3,0.8,0.2,mean_p_A_given_G1_top5,0.23201133333333332,0.00026396758091224305,1000
300,0.3,0.8,0.2,mean_pi_top5,0.20000000000000004,8.78147550742909e-19,1000
300,0.3,0.8,0.2,LR1_pos_rank1,1.0788580981506597,0.0005160905172391398,1000
300,0.3,0.8,0.2,LR2_pos_rank1,1.0552428637230173,0.00034407182091419675,1000
300,0.3,0.8,0.2,LR1_pos_rank2,1.0642293489861936,0.00036596691532501615,1000
300,0.3,0.8,0.2,LR2_pos_rank2,1.0454470908692732,0.0002465445507954835,1000
300,0.3,0.8,0.2,LR1_pos_rank3,1.0560998642095691,0.0003082890997006604,1000
300,0.3,0.8,0.2,LR2_pos_rank3,1.0399600983968607,0.0002087430928515878,1000
300,0.3,0.8,0.2,LR1_pos_rank4,1.05004264554378,0.00028042229239277195,1000
300,0.3,0.8,0.2,LR2_pos_rank4,1.0358521417750846,0.00019058323032468906,1000
300,0.3,0.8,0.2,LR1_pos_rank5,1.045692267408219,0.0002666185565137012,1000
300,0.3,0.8,0.2,LR2_pos_rank5,1.0328918113212189,0.0001817046724872371,1000
300,0.3,0.8,0.2,LR1_neg_rank1,1.3582331362892406,0.00266407764817767,1000
300,0.3,0.8,0.2,LR2_neg_rank1,1.2268183520248048,0.0015025055646768083,1000
300,0.3,0.8,0.2,LR1_neg_rank2,1.286851757698436,0.0018332327628670945,1000
300,0.3,0.8,0.2,LR2_neg_rank2,1.185789398302006,0.0010821675290174646,1000
300,0.3,0.8,0.2,LR1_neg_rank3,1.247452768080183,0.001542223945561993,1000
300,0.3,0.8,0.2,LR2_neg_rank3,1.1622836138765982,0.0009318508869391415,1000
300,0.3,0.8,0.2,LR1_neg_rank4,1.220417843138025,0.0013965351865247867,1000
300,0.3,0.8,0.2,LR2_neg_rank4,1.1458152332422396,0.0008551430784961541,1000
300,0.3,0.8,0.2,LR1_neg_rank5,1.1990488069174603,0.001276245361254229,1000
300,0.3,0.8,0.2,LR2_neg_rank5,1.1326170485226927,0.0007924820334477755,1000
300,0.3,0.8,0.2,fresh_ppv_top5,0.29951937454038635,0.0004172887019941654,1000
300,0.3,0.8,0.2,fresh_p_A_given_G1_top5,0.19929066666666667,0.00033731878619352735,1000
300,0.3,0.8,0.2,fresh_LR1_top5,1.0063614866025892,0.0019937632910551947,1000
300,0.3,0.8,0.2,original_ppv_top5,0.35044767367274765,0.0002622959755768591,1000
300,0.3,0.9,0.1,share_negative_top5,1.0,0.0,1000
300,0.3,0.9,0.1,mean_p_A_given_G1_top5,0.12399066666666667,0.0001982818020049739,1000
300,0.3,0.9,0.1,mean_pi_top5,0.10000000000000002,4.390737753714545e-19,1000
300,0.3,0.9,0.1,LR1_pos_rank1,1.0505034637827175,0.00032390869702025676,1000
300,0.3,0.9,0.1,LR2_pos_rank1,1.036160170840955,0.00021989981042879828,1000
300,0.3,0.9,0.1,LR1_pos_rank2,1.0418897214171985,0.0002409088067385722,1000
300,0.3,0.9,0.1,LR2_pos_rank2,1.0302993293440905,0.00016447451921126435,1000
300,0.3,0.9,0.1,LR1_pos_rank3,1.0366614256320998,0.00020613443403218393,1000
300,0.3,0.9,0.1,LR2_pos_rank3,1.0267247595026576,0.00014125337805667118,1000
300,0.3,0.9,0.1,LR1_pos_rank4,1.0328347866400143,0.00018779787624802812,1000
300,0.3,0.9,0.1,LR2_pos_rank4,1.0241006199553995,0.00012899371361047013,1000
300,0.3,0.9,0.1,LR1_pos_rank5,1.0297802402990117,0.00017639122140808582,1000
300,0.3,0.9,0.1,LR2_pos_rank5,1.0220013313635334,0.0001213800035108765,1000
300,0.3,0.9,0.1,LR1_neg_rank1,1.567358867478657,0.004641479058943275,1000
300,0.3,0.9,0.1,LR2_neg_rank1,1.3381522318023675,0.0023190124057351526,1000
300,0.3,0.9,0.1,LR1_neg_rank2,1.4525911519546975,0.003142828575476613,1000
300,0.3,0.9,0.1,LR2_neg_rank2,1.2790399414686426,0.001685333894628835,1000
300,0.3,0.9,0.1,LR1_neg_rank3,1.3879818258383385,0.0025063886300606716,1000
300,0.3,0.9,0.1,LR2_neg_rank3,1.243813209778609,0.0013964613288082288,1000
300,0.3,0.9,0.1,LR1_neg_rank4,1.344639944246915,0.0022332975517401657,1000
300,0.3,0.9,0.1,LR2_neg_rank4,1.219335567522322,0.0012782528178065492,1000
300,0.3,0.9,0.1,LR1_neg_rank5,1.3105589877553872,0.0020104350935012663,1000
300,0.3,0.9,0.1,LR2_neg_rank5,1.1996755153390675,0.0011733224609207409,1000
300,0.3,0.9,0.1,fresh_ppv_top5,0.2996494522047528,0.0006289214277499732,1000
300,0.3,0.9,0.1,fresh_p_A_given_G1_top5,0.09995133333333334,0.00025060014363033215,1000
300,0.3,0.9,0.1,fresh_LR1_top5,1.019074378747792,0.0030523727318699013,1000
300,0.3,0.9,0.1,original_ppv_top5,0.37554823314464963,0.00039869802312333756,1000
500,0.5,0.5,0.5,share_negative_top5,0.505,0.006830934171960791,1000
500,0.5,0.5,0.5,mean_p_A_given_G1_top5,0.5305268000000001,0.00025270492979271615,1000
500,0.5,0.5,0.5,mean_pi_top5,0.5,0.0,1000
500,0.5,0.5,0.5,LR1_pos_rank1,1.155430993442853,0.0011111315499563626,1000
500,0.5,0.5,0.5,LR2_pos_rank1,1.071867616743313,0.00047339864599382347,1000
500,0.5,0.5,0.5,LR1_pos_rank2,1.1253439215901895,0.0007668656642074858,1000
500,0.5,0.5,0.5,LR2_pos_rank2,1.058854075288714,0.00033783034773780514,1000
500,0.5,0.5,0.5,LR1_pos_rank3,1.1091269182829897,0.0006476815528700044,1000
500,0.5,0.5,0.5,LR2_pos_rank3,1.0516511398652895,0.00029074992436675656,1000
500,0.5,0.5,0.5,LR1_pos_rank4,1.0971451638990848,0.0005750488346013331,1000
500,0.5,0.5,0.5,LR2_pos_rank4,1.046250975351148,0.00026139456420162685,1000
500,0.5,0.5,0.5,LR1_pos_rank5,1.0876348254239796,0.0005392940000263019,1000
500,0.5,0.5,0.5,LR2_pos_rank5,1.041914195006061,0.00024742365807298264,1000
500,0.5,0.5,0.5,LR1_neg_rank1,1.1548643770976958,0.0010901560215042197,1000
500,0.5,0.5,0.5,LR2_neg_rank1,1.0716322217952838,0.0004653579123852415,1000
500,0.5,0.5,0.5,LR1_neg_rank2,1.1259234910563114,0.0007905669737816893,1000
500,0.5,0.5,0.5,LR2_neg_rank2,1.0591030633405516,0.0003481332892755148,1000
500,0.5,0.5,0.5,LR1_neg_rank3,1.1091600067355107,0.0006392458532451475,1000
500,0.5,0.5,0.5,LR2_neg_rank3,1.0516683910393203,0.00028675019439798247,1000
500,0.5,0.5,0.5,LR1_neg_rank4,1.098071908656313,0.0006043509660012406,1000
500,0.5,0.5,0.5,LR2_neg_rank4,1.046665018395216,0.00027388833112018343,1000
500,0.5,0.5,0.5,LR1_neg_rank5,1.0885196069117637,0.0005471498896409857,1000
500,0.5,0.5,0.5,LR2_neg_rank5,1.0423183379321395,0.00025052639316200766,1000
500,0.5,0.5,0.5,fresh_ppv_top5,0.5001384056002245,0.0002237342582144961,1000
500,0.5,0.5,0.5,fresh_p_A_given_G1_top5,0.5003852000000001,0.00031829919154049947,1000
500,0.5,0.5,0.5,fresh_LR1_top5,1.0025592675498471,0.0008975003025409885,1000
500,0.5,0.5,0.5,original_ppv_top5,0.5321743985922553,0.00011812172376295398,1000
500,0.5,0.6,0.4,share_negative_top5,0.8078000000000001,0.005389638968261994,1000
500,0.5,0.6,0.4,mean_p_A_given_G1_top5,0.4663404,0.0011340037444084268,1000
500,0.5,0.6,0.4,mean_pi_top5,0.4384400000000001,0.0010779277936523988,1000
500,0.5,0.6,0.4,LR1_pos_rank1,1.1239188498299995,0.0008454190947941317,1000
500,0.5,0.6,0.4,LR2_pos_rank1,1.0581963246094757,0.0003725416580296367,1000
500,0.5,0.6,0.4,LR1_pos_rank2,1.1003247547931074,0.0006205123026291751,1000
500,0.5,0.6,0.4,LR2_pos_rank2,1.047683656053993,0.00028006844053807153,1000
500,0.5,0.6,0.4,LR1_pos_rank3,1.0878825043698366,0.0005342971923124438,1000
500,0.5,0.6,0.4,LR2_pos_rank3,1.04202919802699,0.0002444650239842536,1000
500,0.5,0.6,0.4,LR1_pos_rank4,1.0788159347382598,0.0004700241695449619,1000
500,0.5,0.6,0.4,LR2_pos_rank4,1.0378648171100686,0.00021713086887962526,1000
500,0.5,0.6,0.4,LR1_pos_rank5,1.0714137507305337,0.00043191552117556045,1000
500,0.5,0.6,0.4,LR2_pos_rank5,1.0344339725665659,0.00020105070964653013,1000
500,0.5,0.6,0.4,LR1_neg_rank1,1.1898662326178984,0.001361663515530503,1000
500,0.5,0.6,0.4,LR2_neg_rank1,1.086353774638824,0.0005611484451616528,1000
500,0.5,0.6,0.4,LR1_neg_rank2,1.154251196900779,0.0009229603732412764,1000
500,0.5,0.6,0.4,LR2_neg_rank2,1.0714337634483113,0.00039586049236962597,1000
500,0.5,0.6,0.4,LR1_neg_rank3,1.1346051023874588,0.00079272489905385,1000
500,0.5,0.6,0.4,LR2_neg_rank3,1.062929961767118,0.0003466520230152661,1000
500,0.5,0.6,0.4,LR1_neg_rank4,1.1207749299973975,0.0007144587509999856,1000
500,0.5,0.6,0.4,LR2_neg_rank4,1.0568418870227696,0.00031678862922422977,1000
500,0.5,0.6,0.4,LR1_neg_rank5,1.109282580425793,0.0006453296813836478,1000
500,0.5,0.6,0.4,LR2_neg_rank5,1.0517218449906631,0.00028946512060773824,1000
500,0.5,0.6,0.4,fresh_ppv_top5,0.4997263361999666,0.00025626201485319224,1000
500,0.5,0.6,0.4,fresh_p_A_given_G1_top5,0.43803319999999996,0.0011172085986121004,1000
500,0.5,0.6,0.4,fresh_LR1_top5,1.0015301772567191,0.0010259246677334496,1000
500,0.5,0.6,0.4,original_ppv_top5,0.5341887692103753,0.00014459362034092662,1000
500,0.5,0.7,0.3,share_negative_top5,0.973,0.002340187273804487,1000
500,0.5,0.7,0.3,mean_p_A_given_G1_top5,0.3347432,0.0009769733930720787,1000
500,0.5,0.7,0.3,mean_pi_top5,0.31079999999999997,0.000936074909521795,1000
500,0.5,0.7,0.3,LR1_pos_rank1,1.0983174263489528,0.0006910782150124557,1000
500,0.5,0.7,0.3,LR2_pos_rank1,1.046752608942574,0.00031234177241772505,1000
500,0.5,0.7,0.3,LR1_pos_rank2,1.08031085510793,0.0004992922280668097,1000
500,0.5,0.7,0.3,LR2_pos_rank2,1.038550161627088,0.00022964331707432773,1000
500,0.5,0.7,0.3,LR1_pos_rank3,1.069538216611121,0.0004050334515938561,1000
500,0.5,0.7,0.3,LR2_pos_rank3,1.0335639120652347,0.00018886576553909997,1000
500,0.5,0.7,0.3,LR1_pos_rank4,1.0626195830648026,0.0003614282515656023,1000
500,0.5,0.7,0.3,LR2_pos_rank4,1.030329544847559,0.00016969616177199776,1000
500,0.5,0.7,0.3,LR1_pos_rank5,1.0569522975815158,0.0003408811466018721,1000
500,0.5,0.7,0.3,LR2_pos_rank5,1.0276610617693234,0.00016096346253627862,1000
500,0.5,0.7,0.3,LR1_neg_rank1,1.2426173232162308,0.0017793447500354907,1000
500,0.5,0.7,0.3,LR2_neg_rank1,1.107632815008063,0.0006969900598666222,1000
500,0.5,0.7,0.3,LR1_neg_rank2,1.1956610746531424,0.0012476184481741003,1000
500,0.5,0.7,0.3,LR2_neg_rank2,1.0888216115138452,0.0005127962648119843,1000
500,0.5,0.7,0.3,LR1_neg_rank3,1.1700878409011335,0.0010372632543345925,1000
500,0.5,0.7,0.3,LR2_neg_rank3,1.078169029577723,0.0004384106307298313,1000
500,0.5,0.7,0.3,LR1_neg_rank4,1.151683306692079,0.0009305029979716205,1000
500,0.5,0.7,0.3,LR2_neg_rank4,1.070322411827979,0.00039999370896043833,1000
500,0.5,0.7,0.3,LR1_neg_rank5,1.1366696519118618,0.0008596626919790962,1000
500,0.5,0.7,0.3,LR2_neg_rank5,1.0638127979678287,0.00037591422974670254,1000
500,0.5,0.7,0.3,fresh_ppv_top5,0.500089910288603,0.00034821747415240435,1000
500,0.5,0.7,0.3,fresh_p_A_given_G1_top5,0.3111104,0.0009737184497889825,1000
500,0.5,0.7,0.3,fresh_LR1_top5,1.0049796991949649,0.001400150445452667,1000
500,0.5,0.7,0.3,original_ppv_top5,0.5411210226344537,0.00020136250618721407,1000
500,0.5,0.8,0.2,share_negative_top5,0.9996,0.0002827011141115646,1000
500,0.5,0.8,0.2,mean_p_A_given_G1_top5,0.2207324,0.00027844568993296004,1000
500,0.5,0.8,0.2,mean_pi_top5,0.20024000000000003,0.00016962066846693883,1000
500,0.5,0.8,0.2,LR1_pos_rank1,1.0740893145009818,0.0005046105297903425,1000
500,0.5,0.8,0.2,LR2_pos_rank1,1.0356646599503716,0.00023335049820829152,1000
500,0.5,0.8,0.2,LR1_pos_rank2,1.0605530817089857,0.0003676284585729417,1000
500,0.5,0.8,0.2,LR2_pos_rank2,1.029356008924557,0.00017281680384460734,1000
500,0.5,0.8,0.2,LR1_pos_rank3,1.0529680861380344,0.00031127617189349605,1000
500,0.5,0.8,0.2,LR2_pos_rank3,1.0257784065709026,0.00014741605102231375,1000
500,0.5,0.8,0.2,LR1_pos_rank4,1.047292780408061,0.0002775834826924912,1000
500,0.5,0.8,0.2,LR2_pos_rank4,1.023082245425058,0.00013222488361528087,1000
500,0.5,0.8,0.2,LR1_pos_rank5,1.042926103825867,0.0002586874201893916,1000
500,0.5,0.8,0.2,LR2_pos_rank5,1.0209964084577066,0.00012379989046057535,1000
500,0.5,0.8,0.2,LR1_neg_rank1,1.3334192658237707,0.002556318539492822,1000
500,0.5,0.8,0.2,LR2_neg_rank1,1.141890258832024,0.000913995160196817,1000
500,0.5,0.8,0.2,LR1_neg_rank2,1.2670079062409263,0.001773551353677545,1000
500,0.5,0.8,0.2,LR2_neg_rank2,1.1172453983321744,0.0006843663784940979,1000
500,0.5,0.8,0.2,LR1_neg_rank3,1.2309996248113477,0.0014701540394121144,1000
500,0.5,0.8,0.2,LR2_neg_rank3,1.1031539591905657,0.0005880566288658816,1000
500,0.5,0.8,0.2,LR1_neg_rank4,1.2048485866219056,0.0013106661688638782,1000
500,0.5,0.8,0.2,LR2_neg_rank4,1.092589152449969,0.0005374972849531502,1000
500,0.5,0.8,0.2,LR1_neg_rank5,1.1838903246316508,0.0011917928950702296,1000
500,0.5,0.8,0.2,LR2_neg_rank5,1.0839319737131532,0.0004974774422725923,1000
500,0.5,0.8,0.2,fresh_ppv_top5,0.5010856191157621,0.0004591463533622897,1000
500,0.5,0.8,0.2,fresh_p_A_given_G1_top5,0.2006828,0.0002994751902070514,1000
500,0.5,0.8,0.2,fresh_LR1_top5,1.0124414057328168,0.0018761306588928111,1000
500,0.5,0.8,0.2,original_ppv_top5,0.5541558479566752,0.00027150537442887713,1000
500,0.5,0.9,0.1,share_negative_top5,1.0,0.0,1000
500,0.5,0.9,0.1,mean_p_A_given_G1_top5,0.1150028,0.00016775020802458723,1000
500,0.5,0.9,0.1,mean_pi_top5,0.10000000000000002,4.390737753714545e-19,1000
500,0.5,0.9,0.1,LR1_pos_rank1,1.0490853856553513,0.00033374400045878754,1000
500,0.5,0.9,0.1,LR2_pos_rank1,1.023928989484178,0.00015849707883125807,1000
500,0.5,0.9,0.1,LR1_pos_rank2,1.0402818603307527,0.0002452143652129605,1000
500,0.5,0.9,0.1,LR2_pos_rank2,1.0197291595575324,0.00011762451275961882,1000
500,0.5,0.9,0.1,LR1_pos_rank3,1.0351199958153712,0.00020937317589791857,1000
500,0.5,0.9,0.1,LR2_pos_rank3,1.0172465850386743,0.0001010019546479353,1000
500,0.5,0.9,0.1,LR1_pos_rank4,1.0315654821079403,0.00018692890791241904,1000
500,0.5,0.9,0.1,LR2_pos_rank4,1.0155291964677815,9.05138648560526e-05,1000
500,0.5,0.9,0.1,LR1_pos_rank5,1.028555967340886,0.00016737068190341673,1000
500,0.5,0.9,0.1,LR2_pos_rank5,1.0140702914644812,8.130053887926299e-05,1000
500,0.5,0.9,0.1,LR1_neg_rank1,1.5506044199444178,0.004798858642514558,1000
500,0.5,0.9,0.1,LR2_neg_rank1,1.2132438035536806,0.0014057420975221102,1000
500,0.5,0.9,0.1,LR1_neg_rank2,1.43110410190006,0.0031473819805322408,1000
500,0.5,0.9,0.1,LR2_neg_rank2,1.1759871256886636,0.0010390798487276741,1000
500,0.5,0.9,0.1,LR1_neg_rank3,1.368511633777752,0.0025153604724042914,1000
500,0.5,0.9,0.1,LR2_neg_rank3,1.1546521800711294,0.000883060670589851,1000
500,0.5,0.9,0.1,LR1_neg_rank4,1.3237951488202202,0.0021548009942736574,1000
500,0.5,0.9,0.1,LR2_neg_rank4,1.138609220905471,0.0007885355573873925,1000
500,0.5,0.9,0.1,LR1_neg_rank5,1.289401251918869,0.0019214293920685724,1000
500,0.5,0.9,0.1,LR2_neg_rank5,1.1257991515317693,0.0007280585623763196,1000
500,0.5,0.9,0.1,fresh_ppv_top5,0.5005888951648657,0.0006860095683798146,1000
500,0.5,0.9,0.1,fresh_p_A_given_G1_top5,0.1001888,0.00019078478291885181,1000
500,0.5,0.9,0.1,fresh_LR1_top5,1.0207830605525172,0.002841964768094573,1000
500,0.5,0.9,0.1,original_ppv_top5,0.5816564083367699,0.0004123377296257954,1000
