pi_pos,pi_neg,ties,metric,mean,mc_se,runs
0.5,0.5,random,share_negative_top5,0.498,0.0069429247586448905,1000
0.5,0.5,random,mean_p_A_given_G1_top5,0.5940619999999999,0.0004268938912591681,1000
0.5,0.5,random,mean_pi_top5,0.5,0.0,1000
0.5,0.5,random,LR1_pos_rank1,1.2398075359941612,0.001609002907322981,1000
0.5,0.5,random,LR2_pos_rank1,1.219991787622578,0.0013856871025483585,1000
0.5,0.5,random,LR1_pos_rank2,1.1981963510786928,0.0011896277105373182,1000
0.5,0.5,random,LR2_pos_rank2,1.1839853176749648,0.0010348021241038728,1000
0.5,0.5,random,LR1_pos_rank3,1.172599001552654,0.0010097087247251907,1000
0.5,0.5,random,LR2_pos_rank3,1.1616610326130026,0.0008832360972310965,1000
0.5,0.5,random,LR1_pos_rank4,1.1547270539755452,0.0008900937171407679,1000
0.5,0.5,random,LR2_pos_rank4,1.1460030218533293,0.0007817907199017246,1000
0.5,0.5,random,LR1_pos_rank5,1.1406458225859961,0.0008291016959881588,1000
0.5,0.5,random,LR2_pos_rank5,1.1336205966112678,0.0007304270826201115,1000
0.5,0.5,random,LR1_neg_rank1,1.2405195109921847,0.001583143114146794,1000
0.5,0.5,random,LR2_neg_rank1,1.220613818186548,0.0013643658800152063,1000
0.5,0.5,random,LR1_neg_rank2,1.197910450960873,0.0011670917171409808,1000
0.5,0.5,random,LR2_neg_rank2,1.1837407591901699,0.001015429593603777,1000
0.5,0.5,random,LR1_neg_rank3,1.1725168371862777,0.0009808764467762949,1000
0.5,0.5,random,LR2_neg_rank3,1.1615940152831716,0.0008584058563450115,1000
0.5,0.5,random,LR1_neg_rank4,1.155056443105217,0.0009015280351399387,1000
0.5,0.5,random,LR2_neg_rank4,1.1462906792806207,0.0007918814710611207,1000
0.5,0.5,random,LR1_neg_rank5,1.1405710480652282,0.0008343051822821632,1000
0.5,0.5,random,LR2_neg_rank5,1.1335539467202198,0.0007350015245860898,1000
0.6,0.4,random,share_negative_top5,0.8094000000000001,0.005648322188362093,1000
0.6,0.4,random,mean_p_A_given_G1_top5,0.526048,0.00126930880436592,1000
0.6,0.4,random,mean_pi_top5,0.4381200000000001,0.0011296644376724185,1000
0.6,0.4,random,LR1_pos_rank1,1.1930376636905662,0.0012726025824648989,1000
0.6,0.4,random,LR2_pos_rank1,1.179471023718192,0.0011071413691128786,1000
0.6,0.4,random,LR1_pos_rank2,1.159078049856373,0.0009137394200152657,1000
0.6,0.4,random,LR2_pos_rank2,1.149821249115234,0.0008015134739340748,1000
0.6,0.4,random,LR1_pos_rank3,1.1405820129183588,0.0007978130270586201,1000
0.6,0.4,random,LR2_pos_rank3,1.1335688553272945,0.0007023962470652234,1000
0.6,0.4,random,LR1_pos_rank4,1.1250164687320834,0.0007157442922890541,1000
0.6,0.4,random,LR2_pos_rank4,1.119841430080858,0.0006322534482135463,1000
0.6,0.4,random,LR1_pos_rank5,1.1131394658097904,0.0006543764765845912,1000
0.6,0.4,random,LR2_pos_rank5,1.1093374292564975,0.0005795037750198138,1000
0.6,0.4,random,LR1_neg_rank1,1.3014098983614675,0.0020561726307424403,1000
0.6,0.4,random,LR2_neg_rank1,1.2727693063634073,0.001749762877878296,1000
0.6,0.4,random,LR1_neg_rank2,1.2493478792867079,0.001561319036385437,1000
0.6,0.4,random,LR2_neg_rank2,1.22824094719407,0.0013441237289092663,1000
0.6,0.4,random,LR1_neg_rank3,1.2177038828188356,0.0013327522684439732,1000
0.6,0.4,random,LR2_neg_rank3,1.2009179413739006,0.00115452627416428,1000
0.6,0.4,random,LR1_neg_rank4,1.1953743457821508,0.0011928567531342867,1000
0.6,0.4,random,LR2_neg_rank4,1.1815252615618987,0.0010382928063567792,1000
0.6,0.4,random,LR1_neg_rank5,1.1775048777720853,0.0010859684074340183,1000
0.6,0.4,random,LR2_neg_rank5,1.1659410589098924,0.0009491739267561448,1000
0.7,0.3,random,share_negative_top5,0.975,0.002240540117922466,1000
0.7,0.3,random,mean_p_A_given_G1_top5,0.38584199999999996,0.0010316410806667788,1000
0.7,0.3,random,mean_pi_top5,0.30999999999999994,0.0008962160471689867,1000
0.7,0.3,random,LR1_pos_rank1,1.1509454878328405,0.0010014458249284286,1000
0.7,0.3,random,LR2_pos_rank1,1.1426603773175787,0.0008790474724481609,1000
0.7,0.3,random,LR1_pos_rank2,1.1236443213540093,0.0006912971094406062,1000
0.7,0.3,random,LR2_pos_rank2,1.1186313418380265,0.0006108355878777818,1000
0.7,0.3,random,LR1_pos_rank3,1.1092840490322637,0.0006066885898606016,1000
0.7,0.3,random,LR2_pos_rank3,1.105925263602673,0.0005377250949753453,1000
0.7,0.3,random,LR1_pos_rank4,1.0980333277193175,0.0005544829906526583,1000
0.7,0.3,random,LR2_pos_rank4,1.0959428849799397,0.0004925862274059842,1000
0.7,0.3,random,LR1_pos_rank5,1.0885918288249776,0.0005122834725129521,1000
0.7,0.3,random,LR2_pos_rank5,1.0875479432575157,0.00045607559255630384,1000
0.7,0.3,random,LR1_neg_rank1,1.3890453311973998,0.002721746406484236,1000
0.7,0.3,random,LR2_neg_rank1,1.3467006698278936,0.002276082570046267,1000
0.7,0.3,random,LR1_neg_rank2,1.3155202753479305,0.001952750003726481,1000
0.7,0.3,random,LR2_neg_rank2,1.2848347326767213,0.0016573864316350468,1000
0.7,0.3,random,LR1_neg_rank3,1.2759072088804888,0.0016628375743140637,1000
0.7,0.3,random,LR2_neg_rank3,1.2510625267761546,0.001422960880508002,1000
0.7,0.3,random,LR1_neg_rank4,1.247686333895834,0.0014530789108766354,1000
0.7,0.3,random,LR2_neg_rank4,1.2268351593973308,0.0012513835773425833,1000
0.7,0.3,random,LR1_neg_rank5,1.2245750289275008,0.0013437962358901808,1000
0.7,0.3,random,LR2_neg_rank5,1.206874933563607,0.0011628434023570572,1000
0.8,0.2,random,share_negative_top5,1.0,0.0,1000
0.8,0.2,random,mean_p_A_given_G1_top5,0.26548400000000005,0.0004109776717130101,1000
0.8,0.2,random,mean_pi_top5,0.20000000000000004,8.78147550742909e-19,1000
0.8,0.2,random,LR1_pos_rank1,1.1114641063019854,0.0007072242954312437,1000
0.8,0.2,random,LR2_pos_rank1,1.107846383100642,0.0006260799427453498,1000
0.8,0.2,random,LR1_pos_rank2,1.0928821602981498,0.0005523909744550241,1000
0.8,0.2,random,LR2_pos_rank2,1.0913627053512969,0.0004910774159543331,1000
0.8,0.2,random,LR1_pos_rank3,1.081210930992258,0.0004702486289025773,1000
0.8,0.2,random,LR2_pos_rank3,1.080974721579427,0.0004191151289327498,1000
0.8,0.2,random,LR1_pos_rank4,1.0725984013357954,0.00040678975370950037,1000
0.8,0.2,random,LR2_pos_rank4,1.0732930346819105,0.0003632485100383021,1000
0.8,0.2,random,LR1_pos_rank5,1.0658658411689874,0.00038476780089879937,1000
0.8,0.2,random,LR2_pos_rank5,1.0672765849646613,0.0003440616404837643,1000
0.8,0.2,random,LR1_neg_rank1,1.5317855652495742,0.0038028690762807525,1000
0.8,0.2,random,LR2_neg_rank1,1.4643412797301347,0.0030840018474329817,1000
0.8,0.2,random,LR1_neg_rank2,1.4324027769217065,0.002635531047207645,1000
0.8,0.2,random,LR2_neg_rank2,1.3829808319312589,0.002186986422928451,1000
0.8,0.2,random,LR1_neg_rank3,1.3769252393635683,0.0022571968984920338,1000
0.8,0.2,random,LR2_neg_rank3,1.336702268144532,0.001893850434005733,1000
0.8,0.2,random,LR1_neg_rank4,1.3371823841180785,0.002027363242899502,1000
0.8,0.2,random,LR2_neg_rank4,1.3032154066030466,0.0017150860507463366,1000
0.8,0.2,random,LR1_neg_rank5,1.3051008429508533,0.0018395054207137557,1000
0.8,0.2,random,LR2_neg_rank5,1.2759890515326238,0.0015678102561578662,1000
0.9,0.1,random,share_negative_top5,1.0,0.0,1000
0.9,0.1,random,mean_p_A_given_G1_top5,0.14895,0.0003264476498124439,1000
0.9,0.1,random,mean_pi_top5,0.10000000000000002,4.390737753714545e-19,1000
0.9,0.1,random,LR1_pos_rank1,1.069430577014694,0.0004075335705782805,1000
0.9,0.1,random,LR2_pos_rank1,1.0704623814105014,0.00036410103849137293,1000
0.9,0.1,random,LR1_pos_rank2,1.0574586540553226,0.0003109331231406433,1000
0.9,0.1,random,LR2_pos_rank2,1.0597548911551764,0.0002785406113315538,1000
0.9,0.1,random,LR1_pos_rank3,1.050650213855973,0.0002739544641987943,1000
0.9,0.1,random,LR2_pos_rank3,1.0536524772248732,0.00024577938000455723,1000
0.9,0.1,random,LR1_pos_rank4,1.045747822193537,0.00025424799379696956,1000
0.9,0.1,random,LR2_pos_rank4,1.049252832800729,0.00022834108647722587,1000
0.9,0.1,random,LR1_pos_rank5,1.041536410674358,0.0002444174406064721,1000
0.9,0.1,random,LR2_pos_rank5,1.0454694873659882,0.0002197109447429343,1000
0.9,0.1,random,LR1_neg_rank1,1.8369655039053119,0.006041267355194863,1000
0.9,0.1,random,LR2_neg_rank1,1.7049965633436586,0.004594180359453397,1000
0.9,0.1,random,LR1_neg_rank2,1.686473030790904,0.004239488565644579,1000
0.9,0.1,random,LR2_neg_rank2,1.58858702452881,0.0033454269620213617,1000
0.9,0.1,random,LR1_neg_rank3,1.5985923833155267,0.0037331700692149424,1000
0.9,0.1,random,LR2_neg_rank3,1.5186009628333457,0.0029972034515630586,1000
0.9,0.1,random,LR1_neg_rank4,1.533800785928891,0.0031881112729949266,1000
0.9,0.1,random,LR2_neg_rank4,1.4663168869439624,0.002594243771865026,1000
0.9,0.1,random,LR1_neg_rank5,1.4813761266756467,0.0029689395516790964,1000
0.9,0.1,random,LR2_neg_rank5,1.423407518033976,0.0024401636770089185,1000
