pi_pos,pi_neg,metric,mean_across_seeds,sd_across_seeds,min,max,n_seeds,runs_per_seed
0.5,0.5,share_negative_top5,0.4999479999999999,0.005411071039629617,0.489,0.512,50,1000
0.5,0.5,mean_p_A_given_G1_top5,0.59374776,0.0003880470495353077,0.5929000000000001,0.5945440000000001,50,1000
0.5,0.5,mean_pi_top5,0.5,0.0,0.5,0.5,50,1000
0.5,0.5,LR1_pos_rank1,1.240881319960007,0.0014597075455473237,1.236866684931815,1.2445526175891195,50,1000
0.5,0.5,LR2_pos_rank1,1.220917834815609,0.0012549314173250622,1.2174729100421942,1.2240661412894405,50,1000
0.5,0.5,LR1_pos_rank2,1.1979613534062146,0.001051312751986773,1.1954239350815405,1.2001993939158484,50,1000
0.5,0.5,LR2_pos_rank2,1.1837831606365634,0.0009141341880402588,1.1815737576039913,1.1857262640372666,50,1000
0.5,0.5,LR1_pos_rank3,1.1733843773991284,0.0009360008627419824,1.1712933217130772,1.1760481312729065,50,1000
0.5,0.5,LR2_pos_rank3,1.1623498113560147,0.0008185232888539753,1.1605181346430795,1.1646745189596202,50,1000
0.5,0.5,LR1_pos_rank4,1.155520100962912,0.0008189437047440729,1.1537159127318686,1.1571992854875104,50,1000
0.5,0.5,LR2_pos_rank4,1.1466985520912947,0.0007193570443516255,1.1451140726773796,1.1481709799052304,50,1000
0.5,0.5,LR1_pos_rank5,1.1413607436355127,0.0008265896533224482,1.1393599069218636,1.142899940733226,50,1000
0.5,0.5,LR2_pos_rank5,1.1342496229228776,0.0007281352770534174,1.1324874722260252,1.1356040207562816,50,1000
0.5,0.5,LR1_neg_rank1,1.2410363093632448,0.001601807149904745,1.2373281768194748,1.2448898657396126,50,1000
0.5,0.5,LR2_neg_rank1,1.2210544442231284,0.0013758964202020497,1.2178755810650759,1.2243697269965228,50,1000
0.5,0.5,LR1_neg_rank2,1.1979921790380539,0.0010647923404704476,1.1955111783700942,1.200387839771748,50,1000
0.5,0.5,LR2_neg_rank2,1.1838097400829721,0.0009275060660785086,1.1816409427497792,1.1858994827387128,50,1000
0.5,0.5,LR1_neg_rank3,1.1734795704004706,0.0008591755880903397,1.1716560608201652,1.1754506412125523,50,1000
0.5,0.5,LR2_neg_rank3,1.1624332388670557,0.0007516094431062472,1.160834918697088,1.1641590995928153,50,1000
0.5,0.5,LR1_neg_rank4,1.1554791604594887,0.0008537233280565796,1.1532920772625277,1.1572552787325017,50,1000
0.5,0.5,LR2_neg_rank4,1.1466618957475552,0.0007490560734850275,1.1447389010725832,1.1482143898129704,50,1000
0.5,0.5,LR1_neg_rank5,1.141140041957839,0.0008102613643841372,1.1385430718364482,1.1429015888978933,50,1000
0.5,0.5,LR2_neg_rank5,1.134054804930895,0.0007131809723980836,1.1317655436149585,1.1356005926185657,50,1000
0.6,0.4,share_negative_top5,0.8117280000000001,0.005609286760291681,0.8012,0.8222,50,1000
0.6,0.4,mean_p_A_given_G1_top5,0.5252711199999999,0.0011934596705821703,0.523164,0.528344,50,1000
0.6,0.4,mean_pi_top5,0.43765440000000005,0.0011218573520583443,0.43556000000000006,0.4397600000000001,50,1000
0.6,0.4,LR1_pos_rank1,1.1925141661765002,0.0012383105257665421,1.1904335321063733,1.1956642676581295,50,1000
0.6,0.4,LR2_pos_rank1,1.1790140144578671,0.0010767137359985722,1.1772128165218794,1.181752200208207,50,1000
0.6,0.4,LR1_pos_rank2,1.1584560901044332,0.0008703794144858402,1.1567229387512528,1.1608506900582223,50,1000
0.6,0.4,LR2_pos_rank2,1.1492715822911848,0.0007626489820590315,1.147754505093429,1.1513646554778916,50,1000
0.6,0.4,LR1_pos_rank3,1.138859617593238,0.0006616597117362424,1.1371629461258534,1.1401261172182449,50,1000
0.6,0.4,LR2_pos_rank3,1.1320506874860117,0.0005821960739702145,1.1305592293866031,1.1331660086254123,50,1000
0.6,0.4,LR1_pos_rank4,1.1246896053833768,0.0006452917650646371,1.1232376441644023,1.1260454038679004,50,1000
0.6,0.4,LR2_pos_rank4,1.1195518848280075,0.0005696652656642147,1.1182719031020654,1.1207506784166374,50,1000
0.6,0.4,LR1_pos_rank5,1.1132807636485929,0.0005655567276086076,1.112012380847145,1.114489227614819,50,1000
0.6,0.4,LR2_pos_rank5,1.1094605917832916,0.0005006241650928097,1.1083360424255033,1.11053117015812,50,1000
0.6,0.4,LR1_neg_rank1,1.3025700785097336,0.002395460488880673,1.2975835223038685,1.3074496186245608,50,1000
0.6,0.4,LR2_neg_rank1,1.2737567459418506,0.002038375328917546,1.2695352348844804,1.2779528153587247,50,1000
0.6,0.4,LR1_neg_rank2,1.2477697946609145,0.0014902670186945682,1.2453270517266142,1.2512967128559995,50,1000
0.6,0.4,LR2_neg_rank2,1.2268978647506323,0.0012848027507033433,1.2248010437682693,1.2299509937772974,50,1000
0.6,0.4,LR1_neg_rank3,1.216734607832776,0.0014279206370149467,1.2130493636661586,1.2198385754346404,50,1000
0.6,0.4,LR2_neg_rank3,1.2000918862147982,0.0012390775979852732,1.1968923408148036,1.202774844835953,50,1000
0.6,0.4,LR1_neg_rank4,1.1944796291812023,0.001244524643182193,1.1919746317106816,1.1971106137782053,50,1000
0.6,0.4,LR2_neg_rank4,1.1807560860326805,0.0010855208585789642,1.1785736290707183,1.1830518302063633,50,1000
0.6,0.4,LR1_neg_rank5,1.1765004405279686,0.0012613108581460148,1.1740046596849947,1.1791031349118881,50,1000
0.6,0.4,LR2_neg_rank5,1.1650685045288447,0.0011037269201226148,1.162877902741586,1.1673426837186462,50,1000
0.7,0.3,share_negative_top5,0.9777040000000001,0.001909050410384121,0.973,0.9826000000000001,50,1000
0.7,0.3,mean_p_A_given_G1_top5,0.38437459999999996,0.0008210397837684873,0.382304,0.385996,50,1000
0.7,0.3,mean_pi_top5,0.3089183999999999,0.0007636201641536493,0.3069599999999999,0.31079999999999997,50,1000
0.7,0.3,LR1_pos_rank1,1.1502995516085688,0.000925202253398395,1.1483885869051569,1.1531298539954669,50,1000
0.7,0.3,LR2_pos_rank1,1.1420962182285994,0.0008113266640661358,1.1404244896996036,1.1445801843591612,50,1000
0.7,0.3,LR1_pos_rank2,1.1238413870036046,0.0006593410557613985,1.1227716664900174,1.1253269663436205,50,1000
0.7,0.3,LR2_pos_rank2,1.118801356688458,0.0005825180504581854,1.1178531479932612,1.1201128843714905,50,1000
0.7,0.3,LR1_pos_rank3,1.1086959002083858,0.00057485199959605,1.1076366574533023,1.1099598227037908,50,1000
0.7,0.3,LR2_pos_rank3,1.1054020109839142,0.0005096474854603471,1.1044630828666833,1.1065232512174703,50,1000
0.7,0.3,LR1_pos_rank4,1.0977890081367574,0.000535454487585571,1.0968589383268683,1.0990097622490216,50,1000
0.7,0.3,LR2_pos_rank4,1.0957247704438873,0.00047591371918673014,1.0948967227655078,1.096809471784118,50,1000
0.7,0.3,LR1_pos_rank5,1.0888522973039165,0.0005432473401459989,1.0876525152582308,1.0901490500781796,50,1000
0.7,0.3,LR2_pos_rank5,1.0877784922326226,0.00048374700098581546,1.0867089686510412,1.0889321415685642,50,1000
0.7,0.3,LR1_neg_rank1,1.388083517370817,0.0029093165147320243,1.3814449118687306,1.3951174804351671,50,1000
0.7,0.3,LR2_neg_rank1,1.3459052267615894,0.00242401905169379,1.340373028201886,1.3517581385824406,50,1000
0.7,0.3,LR1_neg_rank2,1.3167291799037408,0.001709532228338844,1.3121223167086296,1.3211418482460007,50,1000
0.7,0.3,LR2_neg_rank2,1.2858750593648014,0.0014535001414049753,1.2819698515260405,1.2896506750236192,50,1000
0.7,0.3,LR1_neg_rank3,1.2767244186229485,0.0014419683073338993,1.2745539982433427,1.279941186349059,50,1000
0.7,0.3,LR2_neg_rank3,1.2517739683398563,0.0012357687786356218,1.2499182485265456,1.2545442279954815,50,1000
0.7,0.3,LR1_neg_rank4,1.247851180205427,0.0013286464982592595,1.2454091969607126,1.251304012322049,50,1000
0.7,0.3,LR2_neg_rank4,1.2269765658685288,0.0011451257288326788,1.2248633892419536,1.2299461311910032,50,1000
0.7,0.3,LR1_neg_rank5,1.2250485204351533,0.0013840348996276364,1.2216368794092274,1.2282804623809978,50,1000
0.7,0.3,LR2_neg_rank5,1.207286304450212,0.0011993356619504657,1.2043213043841798,1.2100828306036284,50,1000
0.8,0.2,share_negative_top5,0.999748,0.00020921622444594555,0.9992000000000001,1.0,50,1000
0.8,0.2,mean_p_A_given_G1_top5,0.26532320000000004,0.000420747245859041,0.264358,0.26624200000000003,50,1000
0.8,0.2,mean_pi_top5,0.20015120000000003,0.00012552973466758307,0.20000000000000004,0.20048000000000005,50,1000
0.8,0.2,LR1_pos_rank1,1.110932865774178,0.0006623500488489035,1.1092377268661626,1.1128661627567207,50,1000
0.8,0.2,LR2_pos_rank1,1.1073753765391525,0.0005863931093496895,1.1058762236972466,1.1090853270750445,50,1000
0.8,0.2,LR1_pos_rank2,1.0918067137849066,0.0004855346786837723,1.0907592491913372,1.092876070389247,50,1000
0.8,0.2,LR2_pos_rank2,1.090408414358208,0.00043189072787716825,1.0894762472412292,1.0913582452983137,50,1000
0.8,0.2,LR1_pos_rank3,1.0807089293749164,0.0004228924487285795,1.0797760012445297,1.081601063746552,50,1000
0.8,0.2,LR2_pos_rank3,1.0805281849511057,0.0003769271111688563,1.079695995279097,1.0813233409407272,50,1000
0.8,0.2,LR1_pos_rank4,1.0725613203402489,0.00038408768898646404,1.0715925439882654,1.073146662790831,50,1000
0.8,0.2,LR2_pos_rank4,1.0732592610276461,0.0003428637448405344,1.0723944165867496,1.0737820786935306,50,1000
0.8,0.2,LR1_pos_rank5,1.0659959130484309,0.0003836020641897788,1.065016070115963,1.066785516343588,50,1000
0.8,0.2,LR2_pos_rank5,1.067392640860121,0.00034299154234504047,1.0665162945934703,1.0680979168592257,50,1000
0.8,0.2,LR1_neg_rank1,1.5310492568297749,0.003535860067737108,1.5233734467232585,1.5384093285656084,50,1000
0.8,0.2,LR2_neg_rank1,1.4637514385907806,0.0028789063404912885,1.457536208088671,1.4697947125272883,50,1000
0.8,0.2,LR1_neg_rank2,1.4309064785399377,0.002377625048109745,1.4257679961313208,1.4356026802910007,50,1000
0.8,0.2,LR2_neg_rank2,1.3817197525852531,0.00197900490538337,1.377422922351686,1.3856607293755374,50,1000
0.8,0.2,LR1_neg_rank3,1.3754736044560076,0.0020159999961823264,1.3709241768462757,1.3797764835680342,50,1000
0.8,0.2,LR2_neg_rank3,1.3354877715583384,0.001693876682822583,1.331663138753512,1.3391108360686768,50,1000
0.8,0.2,LR1_neg_rank4,1.3360693519264937,0.0018480878816192286,1.3324777731664985,1.3397189086150454,50,1000
0.8,0.2,LR2_neg_rank4,1.3022840819562183,0.001564617607250085,1.2992389691240727,1.3053817543129331,50,1000
0.8,0.2,LR1_neg_rank5,1.3046517274288336,0.0015788989071413187,1.3012427442166545,1.3082957116150529,50,1000
0.8,0.2,LR2_neg_rank5,1.2756080278251072,0.0013419098000851698,1.2727094592461643,1.278711669151752,50,1000
0.9,0.1,share_negative_top5,1.0,0.0,1.0,1.0,50,1000
0.9,0.1,mean_p_A_given_G1_top5,0.14948688,0.00030067221558449615,0.148784,0.150058,50,1000
0.9,0.1,mean_pi_top5,0.1,1.401868266681942e-17,0.10000000000000002,0.10000000000000002,50,1000
0.9,0.1,LR1_pos_rank1,1.069269877368836,0.00037291453128098884,1.0683495266832315,1.0699824310971124,50,1000
0.9,0.1,LR2_pos_rank1,1.070317652925666,0.0003330173483906574,1.0694958036563376,1.0709543824356593,50,1000
0.9,0.1,LR1_pos_rank2,1.0576503133582504,0.0002842322299812004,1.0571156463538514,1.058249101229695,50,1000
0.9,0.1,LR2_pos_rank2,1.0599259479494203,0.0002545072822468354,1.0594471515654158,1.0604619112677391,50,1000
0.9,0.1,LR1_pos_rank3,1.050833062771022,0.0002279985833800554,1.0504313835843928,1.0512906768561476,50,1000
0.9,0.1,LR2_pos_rank3,1.053816089652854,0.00020449706166189612,1.0534560106440254,1.0542266058948575,50,1000
0.9,0.1,LR1_pos_rank4,1.0457790004115808,0.00022828474679093482,1.0453978950455807,1.0464130703238979,50,1000
0.9,0.1,LR2_pos_rank4,1.049280572160019,0.00020497532264734876,1.0489388987029824,1.0498495541395738,50,1000
0.9,0.1,LR1_pos_rank5,1.0415978690366294,0.00023220045560947152,1.0411692617930284,1.042206909381598,50,1000
0.9,0.1,LR2_pos_rank5,1.045524699741941,0.00020872129522581334,1.04513880208838,1.0460719816777442,50,1000
0.9,0.1,LR1_neg_rank1,1.8631756944868059,0.006662656388601549,1.8447268673860737,1.8740258896859663,50,1000
0.9,0.1,LR2_neg_rank1,1.7247537978623482,0.005040347535820109,1.710965214175787,1.7330075724403557,50,1000
0.9,0.1,LR1_neg_rank2,1.6929926997336304,0.003647994774429069,1.6827207189910416,1.69962968493936,50,1000
0.9,0.1,LR2_neg_rank2,1.5936113704505837,0.002871297366662444,1.5854806879540104,1.598815287840606,50,1000
0.9,0.1,LR1_neg_rank3,1.6006412305681004,0.0035561114046083506,1.5922308724835241,1.6086975439955218,50,1000
0.9,0.1,LR2_neg_rank3,1.5202759731847424,0.002855077211684276,1.5135206886743098,1.5267838373560603,50,1000
0.9,0.1,LR1_neg_rank4,1.5355956687347307,0.0033108554991114238,1.529183999939049,1.542641779862378,50,1000
0.9,0.1,LR2_neg_rank4,1.46774443266452,0.002688559570573659,1.4625456425772445,1.4734182742239164,50,1000
0.9,0.1,LR1_neg_rank5,1.484476419712084,0.002793957058452772,1.4798982659577675,1.4905357327373336,50,1000
0.9,0.1,LR2_neg_rank5,1.4259597822828636,0.0022966462491830686,1.4222450510104814,1.430964673049919,50,1000
