item,v,m,f,a,e
1,0.01187785491567123,0,-1.7481467941676687,0.2656872920374277,-0.5255499375040447
2,-0.5490454547853085,1,-2.0591997082038414,-0.1506706497917596,-3.0237898839877086
3,1.854338517077055,0,-0.13279898184175576,-0.39506682356434814,-0.7244628859312167
4,0.5154367711963116,0,0.6395585433910893,-0.9092547308294696,-0.28379436410606357
5,-0.40548419868943564,1,-0.4505731350891649,-0.44893597116715445,-0.08007764227826109
6,0.5485282995667246,0,0.4567126947026389,-0.4175018387424896,0.045221472261418566
7,-0.8007548255216522,0,-0.014461763689545243,2.0519451333281946,-0.5011822068427514
8,0.7527476642137313,0,1.7198156495733516,-1.3860833814511118,3.002019060347228
9,-0.02557244503178103,0,-0.4052685752450315,-1.645182691046066,0.024078697915566494
10,0.009321245141762581,0,0.06561127405887512,0.3772985262483487,-0.2316408379902404
11,-1.5244963645962362,0,-1.1510312486843803,-1.749690225744034,-0.7824381536506526
12,-1.0698260930708678,0,-0.3759003021460865,-1.0161999159851827,0.5320360689586319
13,-0.38442294501645197,0,-0.8979491825851945,-1.2187515689343065,-2.1305725844952033
14,1.5329842697192757,0,0.952740375958458,0.302834831446416,0.6180276176144158
15,-1.0079319298484748,0,0.4856379449120925,1.7528811745392532,0.6020821115007668
16,-0.35450944551073177,0,1.057892753244843,1.3150339602150247,1.308478621085451
17,2.3635186986151897,0,1.05985966403912,-0.02213080647988963,1.749796261595578
18,-0.29740672019401493,0,-0.5623049486294651,-1.2311111140257305,0.3190834721754039
19,0.15871048258759762,0,-0.9657337104006904,-2.8487371020564076,-0.08338622733173492
20,1.3792464195664615,0,-0.2686492886470822,-0.5292185968632961,0.2477452780681124
21,0.14494536780902303,1,-0.38470744158536074,-4.393816794463605,0.7628431310325139
22,-0.01263882200019264,0,1.105757645696745,0.5834996303291083,1.0555340093366485
23,0.18847923689134818,0,-0.7909586173576377,-1.1017124801512401,-0.12006265696943785
24,-0.41647496913938,0,1.6701252316905446,-0.6253691056201076,-2.391612075244822
25,-0.9374222950992708,0,-1.4272216216671123,0.5321803254284081,-0.5943996189680907
26,1.1382279902094303,0,0.6230113726584359,-0.0974997608297557,-1.2324727269460771
27,-0.9298310272405911,0,0.13647529738888609,-1.0051550088560541,0.6428793938543
28,-0.3725928400659868,0,-1.3703956861679938,-0.555863142163571,-2.2284427316462043
29,-0.6711546526900513,0,0.9979918191636709,0.9230221895289209,0.16637423369951065
30,-0.06181374567997443,0,-0.4287257847967317,-1.0172188305164693,0.5300353424243607
31,0.1701246517185167,0,0.9957986096904514,-0.3188998744259301,1.6327448187671156
32,-1.0507663360785642,0,-1.0563187317648586,4.016028971420265,-0.48187100487951706
33,0.3483965271644476,0,0.9315153368442529,0.6633053788113475,2.013014236571883
34,1.0106625084608463,1,0.19723045708958245,-1.0753143035288204,1.0861526390532081
35,-0.8461432454988065,0,0.24463138125072104,0.9033991332086033,0.4390446581278224
36,-0.8158123662125049,0,-0.5314226919415519,-1.2238231797643182,-0.09118597204584589
37,1.07006093516754,0,-0.13776115219408902,-0.4787673911169841,1.209351358483962
38,0.1700725890548491,1,-0.5652622095289029,-0.07491528971523154,0.5739040933325863
39,-1.362946747995065,0,0.5526769505197127,1.0068100152184842,0.2953040365058956
40,0.20350256378248777,0,-1.8769610589083363,-1.2134556702439183,-1.8514775610643333
41,1.2906839529975176,0,0.37005843226119106,1.0673113371282574,1.5456715794456923
42,0.8062652009305511,0,0.3286160352563172,-0.6393854431888049,1.6476299405483261
43,-0.4166531400355974,0,-1.2995412689779893,-1.8473004752735283,-0.56317067773043
44,-0.4331858836440025,0,-0.3798435844699918,4.4326957787880366,0.25324820309455115
45,0.7744922174378882,0,-1.1538737383744013,1.4060321318134275,-0.2655122597841948
46,0.5014975682374616,0,-0.6922423667424199,-2.1986828603659436,0.9969910949684718
47,0.8943974225349689,0,0.4386127362026154,0.9263639282656474,-1.5170154165761334
48,-1.1784686208590136,1,-0.8813214566099882,-1.1953114074399878,-1.5996528822673104
49,-0.922383163544609,1,-1.2759858494570888,-0.8211261354373387,-0.8757914986890871
50,2.3963495130715278,0,0.915006374266614,-0.9794276839357587,0.751935707280122
51,0.5000262906636703,0,0.5644473479272514,2.3355904241504764,0.9100963693765045
52,0.9995941220245392,0,0.7029552872348122,-1.4105650851496476,0.9065408369772878
53,-1.9698195880150882,1,-1.1591738262435958,-0.8452637134057515,0.03560730572205567
54,-0.4838786412408055,0,0.8915389588962952,-0.4935941066613998,-1.2479581506820505
55,-0.00675140627178398,0,0.5393257198628212,-0.1050463049522925,-0.6189471270734533
56,-0.4338027349760125,0,-0.30531403226144516,-1.4890004755349775,1.2548952636554658
57,-0.7165567648756039,0,-0.23912862427526685,-0.7008085028723179,0.8761500108852416
58,0.4184121288760964,0,0.019904764148918896,-0.882896701306702,-0.13160053808420913
59,-0.4493692108707541,0,-0.7768454252213055,-0.6537810432287877,-1.943594636579769
60,-0.9220529883705445,0,0.208314823866205,0.3587276138461828,1.1397460594689364
61,-0.017304537624351888,0,1.131076356945296,2.2875070528490014,0.500474972341716
62,-0.4256725190423393,0,-0.8245644243763854,-0.34495781168294365,-0.7088698517721743
63,-0.9712115256139013,1,-1.069891333397089,-1.7737096835422352,0.719962030041743
64,-2.3817379294518113,1,-1.7449973784048736,-1.1652311470641252,-2.1197693400097517
65,-0.7375699308232093,0,-1.7414238670735336,-1.7996579245375313,-0.32824464207684545
66,1.3447844067090846,0,2.160592914059607,-0.02708674997725713,1.0572838775517561
67,0.2799642455481843,1,-0.36431938732557095,-1.0456684370546605,0.8103871785720761
68,0.24685072720299447,0,0.45720784463471464,-0.6341523644783754,-0.1285743882012368
69,1.0885006391328294,0,1.4235344157507899,0.32596529369038313,1.2354084116256923
70,0.6074052810625716,0,-0.6770313906960788,-2.4341996712029386,0.700648629686739
71,-0.8260546045268834,0,-0.63612234571223,-2.093489090492245,-1.6402540240582673
72,-0.45526511859267754,0,-0.18803345892088447,2.3127815139097394,0.9345366282727852
73,1.0591007325451653,0,-0.027190848863832384,-0.2601432549116297,-1.0622917231128666
74,-0.7223402129373396,0,0.655543499907035,-0.0007042649221529196,-0.7656182108391614
75,1.3273471365306473,0,0.9492044210433173,0.974933958835867,1.0919071508106875
76,-0.8268267727758062,0,-0.6105383455383939,-0.14570690687044063,0.6849807759883484
77,-0.8305854852048183,0,-0.10489803120512253,1.0711275731904546,0.5620163961349984
78,-1.052786034541077,0,-1.7469994997881688,-0.3671606954278783,-2.010149495316108
79,0.06734673038460803,0,0.8479594861732553,0.08887989856526202,-0.07637353097450947
80,1.4354150317245562,0,0.6056908396559292,-1.2930904081414636,1.5998318586674432
81,-1.2032944648938333,1,-2.4268989203137705,-1.0966864471194946,-2.0912254707636686
82,-0.9816796089305566,0,0.420720719006198,3.5170261927466338,-0.4576886598831268
83,-0.05514079216902813,0,-1.5480750206636584,-1.2150967213801238,-1.5312148013361142
84,-0.3357442814517748,0,0.004747253644087637,-1.0740975151229506,0.49957558401106905
85,2.347459789944631,0,0.7310681789329787,-1.6835769387369537,0.2432315341143435
86,0.48838100533838347,0,-0.8661243376005276,-1.1675665834959394,0.8687796362103043
87,-0.3934471012085009,1,0.6966980193300385,0.08298912761813168,0.37190154468997827
88,-0.16635675874100803,0,-1.1828280798105268,1.344550268285956,-2.233628605072455
89,-0.2806632215453476,0,0.249485047205248,-0.4291889446932695,1.3481527708238508
90,0.6772932183177455,0,0.6248981014694751,-1.5221859676574307,0.7424918471623556
91,1.2767620121269863,0,-0.6207123115716231,-2.7909644859838796,1.0571072882903487
92,0.01854642408075898,1,0.2936199025227303,0.3996730320725066,-0.31949586969640587
93,-0.03713668428830392,0,-0.6412588797572681,1.3669291632037586,-0.6557280887550522
94,-0.44384680533059295,0,0.043715969410664135,0.12765042043793629,-0.5438367020013781
95,-1.1224000761163568,0,-1.689410279805021,-2.357644518711342,-1.5833236077499064
96,-1.1296626142974064,0,-0.3798691857344464,-0.2757599528920316,-0.044443480774586985
97,-1.1425126194772404,1,-1.6083645398478845,0.14953080759693882,-1.4194215204856302
98,-0.2073578282057265,0,-0.3439006205645362,-0.07840992377382228,-0.5832451352264106
99,-0.755015252307657,0,-0.9767118029538,-0.4471103297861328,0.08124003289863557
100,-0.46297466778610064,0,0.6306187380361199,0.48101902584544765,-0.8748466363029184
101,0.39435471808828176,0,-0.5868079980659673,0.7775946737065886,0.07803954158437315
102,1.2072678754524548,0,-0.7122237946813532,0.474469751789925,0.6692185240562273
103,-0.6506758866002859,0,-0.2691855556446417,0.037301608359290084,-0.10254170175040545
104,-0.8882657940833871,0,-0.9264985814653928,-0.6406416012784584,-0.2783980841682522
105,-0.28304105964141457,0,-1.7581417423676633,-1.9496722853329698,-0.7847406512337969
106,1.5798652624798162,0,0.9443385406123594,-0.5579412881393552,2.7834521216685197
107,0.2209156357549425,0,1.080826585889745,-1.908720129245026,0.21057544644221893
108,0.9873818301159464,0,0.5893314962746323,1.941733076035753,-0.7766421386912393
109,-1.013995710654609,1,-1.8081798403509988,-0.8537145474805422,-3.213057117070047
110,0.17907693954805667,0,0.014084532802257063,0.5598598518702067,0.040617779647523
111,-1.7997339529169052,0,-0.6299518335571764,-0.3445988066251773,0.6396899566386982
112,-0.7211299122639465,0,-0.9111877170976761,0.0754752187054985,-0.8501793900896644
113,-0.9685874753056084,1,-0.36615858512566346,2.5443806742610358,-0.45718440573307684
114,-1.1325579765319134,0,0.013443146391736042,0.014862367505690921,-0.16338959740670003
115,0.47894145948735145,0,0.2813092904137754,-1.8124606588694225,1.856533547490491
116,0.5955239408276325,0,0.49929311951581107,0.2874840619975928,0.08235007272421602
117,-0.6084019841853782,0,-1.4539453151011434,-0.24913277894936492,-0.8075588696055952
118,1.5037276764580465,0,0.7262502350919651,-1.1394631380992895,-0.04883844081753769
119,1.3181593325097325,0,0.02115244621643153,1.247441938034672,0.19832155995703848
120,0.3264510631675805,0,-0.5363317907273436,1.1815917984678104,-0.4238516936472284
121,-2.174793667015068,1,-1.14132439977515,0.4201735579404542,-0.40009538516800014
122,0.47273106902818046,0,-0.02679855294750956,0.7386690863864325,0.506085231663939
123,1.8822643022647165,0,1.5048556365274528,-2.526670785183796,2.821694196303022
124,0.3755610384397971,0,0.5793196551192615,1.1072097985909437,0.9368674541720623
125,-0.4128082441428672,0,-1.2625797900503022,-0.5208122329364668,-0.8713268945158322
126,0.642551189542291,0,-0.6306171344201394,-0.11963336353297493,-1.6528308921867756
127,0.7853276318619403,0,0.6057330487100512,0.21457276400495207,-1.0961302160210864
128,0.5788375266832912,0,-0.809729388893515,-2.077113816061179,1.1538459599278243
129,0.8286307764418686,0,0.5911404968209473,-0.42728132130410557,2.3592115667110702
130,-0.2638123802040224,0,-1.6847028478634258,-0.9537009639444876,0.3018233901859997
131,-2.652096881628984,1,-0.862870748004916,0.6061306874829808,0.2675858088682587
132,0.10737821276729115,0,1.0853538557066829,0.47236650506499767,0.571454294358253
133,0.472306870945268,0,1.226745442390027,0.7827928978421129,0.961848308398809
134,0.06815291871896592,0,0.44213321641801734,-0.2859214298077071,0.7751395376082417
135,1.3458299291253566,0,0.2088771737292966,-1.3590218907440061,0.04911994972550188
136,-0.5040703652403011,1,-1.0106408203311346,0.8655493035952837,0.4391857755077953
137,1.1579747074112583,0,-0.15483041167224765,1.4676303453200295,1.9608975864834433
138,-0.8011251793093626,1,-1.3803561723162439,-1.7637442771830494,-0.44284991718196365
139,-0.9180615454172155,0,0.3351264589079941,-0.97083015247757,-0.9037942112231969
140,-1.8503858876958312,0,-1.3135085032899263,-1.8070826355947969,-1.344321004592386
141,-0.5763064799043083,0,-0.34040853807759963,0.5579888113520621,1.7807751789469113
142,2.2066916187416066,0,1.9499720215871479,1.0097606508680645,2.219203859059402
143,0.46022484101249284,0,-0.07067143987023405,-2.429271843668377,0.36345743648964757
144,0.5429366211124149,0,-0.793145920747668,0.9172237284464815,-0.6555319115745633
145,-1.0454421672615357,1,-1.3823305935668695,-2.6303553840759193,-1.2584134565935237
146,-1.2783089404158945,0,-0.24288569976249727,1.6231184057701633,-1.4090581659169747
147,-0.6035028072544545,0,0.04401048721038418,-1.1632927984111754,-1.4378955829975433
148,0.7787867109973211,0,0.769771832180494,0.24442311254122284,0.9297931414450504
149,-0.7144792729665641,0,0.5211412038420261,-0.2513335240411216,0.4151936543234555
150,0.8747222684240078,0,-0.7650540093648299,-1.0356671828064248,3.3146690542427613
151,-0.11287278093760006,0,0.9308010695991106,1.9355187656895332,-0.08121384397695486
152,0.9224931994905861,0,1.096000521164432,-0.5163367422659073,1.277303156463892
153,0.18567362103781312,0,-0.029710752529934104,-1.4880318270315067,-0.42356136508100395
154,-0.22071092633071654,1,-1.06593493792476,-2.2832632529066927,-0.4406008125819577
155,0.3484639420361234,0,-0.40510906048766615,1.1251296052111721,0.6163789344023964
156,-0.950395171997236,0,0.2236084491373305,0.19410564596517066,-0.4783892594542061
157,-0.20142532067395236,0,1.4951278046176828,-1.6732949623663593,3.2848243400931265
158,-1.338675500020458,1,0.16192513822352295,0.22899559294548788,-1.3476579523173113
159,0.6354712137166444,0,0.029937107509276174,-1.7770996746300125,1.1047823143899294
160,1.3465277202546417,1,-0.018586334085040318,-1.707930707808333,-1.0616662393075618
161,-1.3263965488939644,0,-0.6893143339271169,2.6326099014678266,-2.0497797429508364
162,0.07306289673603962,1,-0.5190523885973561,0.30286695940119757,-0.8361455161023633
163,2.000435326484323,0,2.035941397203385,-0.056881373909449584,0.2849143740002238
164,-0.08045472412904024,0,-0.13604707455042825,-2.9903193570809092,1.1965138846529109
165,-0.2679273146516596,0,0.658847553112945,0.8952832521239718,1.1262454399711526
166,-0.6545832149619266,0,-1.6775391477268426,1.5133922579000645,-0.25472040238043125
167,-0.1367326855938533,0,-0.7377322374435512,1.6319728692733984,0.06334352029892898
168,1.1483748819221375,0,0.9549061817000222,-0.23443909259679085,0.5210282042401388
169,1.570615357845952,0,1.2718805519440368,0.9449027911192576,2.1942179120959984
170,0.7768665996193923,0,-0.3039685975467864,1.5923006288585235,1.2613553926282512
171,1.4414567839382035,0,1.2174272987761257,0.25838886259521443,0.12761135834902437
172,0.0426597625081587,0,1.1124867864745465,1.3907427383004556,1.4788608317630587
173,0.31760476394536363,0,-0.28164507932346283,-1.9257387735601936,-1.9030844990375346
174,-0.17200544566491568,0,1.1322393626195746,-1.0282666713636035,-0.5123225211579424
175,0.4911899454702795,0,0.4029273711405999,1.519391667427041,1.5439929517668503
176,0.06965273533957804,0,-0.5050831200820984,-0.2807150034639561,0.4290634728178429
177,0.7305013819323103,0,-0.2732471755688384,-1.8548051354395558,0.5091241409732173
178,0.1406495642549041,1,-0.9433827349009526,-0.5931935120731678,-0.10060264149100107
179,-0.21048293620771175,0,0.46761165906662044,2.6781419197532768,0.6060128609057686
180,-0.3366135421335933,0,-0.3825177772091755,1.3722592460312801,-1.7254539878826773
181,-0.26845174860618837,0,0.003308011977904979,-1.6605131329027425,-0.42953453655775264
182,0.5047229759160002,0,-0.3351217441219307,-1.9043870190739371,-0.11221846693565074
183,1.1356448211713233,0,0.1735350763895499,0.7328304603459517,-0.5431102738995142
184,-1.412686390636979,0,1.3950604619469351,0.4490822520787303,1.1820382135604617
185,1.3597570939386066,0,1.0236718689649338,-0.5270208173576072,1.4706583268961055
186,1.3034793840945715,0,1.875689217062421,0.028272316635006067,1.5545444161977464
187,-1.2926777039522508,0,0.06689789431370585,-1.1569225063630333,-2.0213069051325947
188,-0.095261225086589,0,0.960738793843837,0.29927493882000755,0.1955532683014254
189,-0.7616129297390409,0,1.9277620608076613,-1.993547383359878,2.0155325995282785
190,-0.3561546316037149,0,-0.35917658703769306,-0.29880745381909246,-0.4244279696010778
191,-0.7356709745941167,0,-1.180824186581725,1.6284703968226508,0.04363762010186395
192,1.2964138325260814,0,-0.16977617895334504,-1.7274725999956329,-0.3613962008796815
193,-2.0070797122197397,0,-1.0165774791774072,5.120067617223799,-2.6486406734450636
194,0.11679978368274228,0,0.12317575340709996,-0.44191080793861337,0.7085026515310091
195,1.231704802319981,0,0.6534458622090866,1.6794844603532364,1.9285637653577765
196,-0.9429701980069108,1,0.4707674000217891,2.6803436646860357,-1.7275849042102864
197,0.2846425135824699,0,0.8123348068948325,0.8439119933770944,-1.8591599182457952
198,-1.764527110418375,1,-1.0998405221246266,1.7039599262032779,-2.2015380837487077
199,-0.9539767994668256,0,-0.2848926912699027,0.8290783718434411,-0.14605576244637658
200,0.25981754675801894,0,0.9023395542777783,0.014212109175542498,1.817276690060194
201,-1.0846873870083076,0,0.626705306693774,2.171442343688218,-0.7625103367556977
202,1.386845968155339,0,1.6135358410850147,0.429476310249748,1.5945505925334587
203,-2.281007522639382,0,-0.665167170086084,0.12942309790951062,-0.4763031937660623
204,0.4762682343649839,0,-0.21498435614614053,1.5766268950971123,1.603067539892079
205,-0.8325401711414954,1,-1.3078296726582825,1.2182881869480227,-1.224351507005394
206,-1.6119062524013,1,1.0091281195412136,0.20608621513380976,-0.18698156265634447
207,-1.2775752029677812,0,0.36969577805489573,0.13001748229183818,-2.0894408425801347
208,0.887913272270444,0,0.723237732069052,0.8595968259206306,0.4133591405531582
209,1.0366577666538275,0,-0.03720878718116876,0.37428230601972134,-0.31805425032540413
210,0.0056080642000197346,1,-0.43166149229459205,0.7813658562038475,0.5872118281625126
211,0.986157916361815,0,0.9923945400629148,-3.5435707659992373,0.1471793922612027
212,-1.2035153680351367,1,0.9350388358555979,0.9204488330105182,1.4561859333923297
213,-1.2358548581745723,0,-0.2946558376407318,-0.3771215871943442,-0.2609085820762609
214,-0.09958023100430496,1,-1.1268415593682424,-1.7184002863702619,-0.5181235968538203
215,-0.3075546400483212,0,0.312538750446112,0.8985890656586114,-0.7108774475287797
216,0.11357976969510844,0,0.23172402786321136,-2.9353164808208057,0.3411894285209704
217,-0.10099965754184538,0,0.4547634187745371,-0.004899610878221994,-0.880858685266252
218,0.6722784261854285,0,0.9856430240430398,0.5409454478076101,1.6102316162275392
219,0.5086352871844849,0,0.41038060192069925,0.6589775837646491,1.1299377412089884
220,-0.3508204482193305,0,-0.7872376157487326,-0.8512481409774887,-0.32954212136760275
221,0.8246876586106576,0,1.1867314320486428,-0.7087640864158133,1.307823905472075
222,2.4279919604370797,0,0.6086661903081746,-2.4364898294741564,2.483139962415126
223,2.091115712703914,0,0.6246759490191833,-1.688550626158019,1.4924091800258448
224,-0.959025202384049,1,-1.650529696923324,-1.0010033907593823,-1.5980456026335683
225,0.11126907548281043,0,1.934888938061465,0.043754056670829156,-0.7959436157904811
226,0.17425697963162526,0,0.49439925542038426,2.3400400454078736,0.22151863753204823
227,-0.06329245504219445,0,2.067011292471258,-0.46327206584801944,1.2439191445303235
228,-1.3125436918203546,0,-0.0015324580587763315,1.2007985228580207,0.349537722798536
229,-0.13926482802288817,0,0.39925726717000654,-3.4666351165566427,0.5642622316742618
230,-0.7043554495700531,0,0.6524985559971352,1.6100972527968471,-1.0232199012797498
231,-1.1085578748912444,1,-0.05401650799858872,1.9976495361039188,1.402206192889762
232,0.8333398292064571,0,0.7883932331198754,-0.731874090131537,1.3522094624302141
233,-0.7855741576557633,0,0.4049479187680307,0.25829419095709427,-0.26896919098823296
234,0.7697875904816724,0,0.2895654681038147,-1.7494692306953645,-0.05968310527221893
235,-0.6191745147683926,0,0.766938310808976,2.7202175371018855,1.270938844455163
236,-0.8722816364030476,0,-1.2866593305019927,-0.027517987319361725,-1.6616216077715305
237,1.9922107312375832,0,1.2903713554533778,-2.277947324745936,1.832462633622258
238,2.090781871439178,0,0.9834754725570699,1.4973158101254258,1.9701848071266563
239,-0.7272528641978584,1,-1.4707158073242041,-0.43077973584516166,-0.26284038118954056
240,-1.618889440062657,1,-0.42516145356608337,1.8739662319552353,-0.4613217005901316
241,1.199764108659725,0,0.564402752182252,-0.5799374305607122,1.090371357889095
242,0.45599297011939394,0,0.9624866010740677,-0.011924466733009842,-1.1886665091687234
243,-0.20137687264642729,0,0.38463858531476436,-1.8895507041789974,-2.4015996342715953
244,-1.2201300267622668,0,-1.481171099333333,1.5147888490772052,-1.2626850089986674
245,1.9136197252439784,0,0.7999191538328099,0.26296006689796836,2.422992985406772
246,-0.5337964387117968,0,-1.2566984613154464,0.5597448359727312,0.12569575252228227
247,1.4466799510302109,0,0.7125836490181844,-2.184473952043366,-0.6118974459589949
248,1.4951824934826796,0,-0.17841950614382882,-1.950099336091949,0.5675744440206495
249,-0.952098670656579,0,-0.18533338123675092,-2.43016608882265,-0.21909694137383304
250,-1.0166227465782742,0,-1.18881675613676,-0.5469474837811394,-1.4364186447943705
251,0.21971045426346553,0,-0.22566539346230186,0.7418957110289378,-1.5501664235561758
252,0.1097363279789806,0,1.0804181778112527,0.7587770845919781,0.803055244254633
253,0.7279139904306272,0,0.392763491708221,1.0616799544471127,2.5777222701824383
254,0.4961998532541754,0,0.017750093244013776,0.2772207152067575,-0.6008753362793522
255,-1.327386571019204,1,-0.6681569439049844,-0.4028802451335471,-0.0630358589874021
256,-0.5372414776994566,1,-2.56322239192611,-0.1566852045956737,-1.4536792812482289
257,0.6624678596527362,0,0.3374999794137238,-0.4857309798334933,0.7033158369444196
258,0.18831088940357615,0,0.10945211436379701,0.7897803886000614,0.29532439535046084
259,-0.6455277490893855,0,-0.07724901383602947,-0.7017291230533115,-0.3318436833310163
260,0.5908594788477293,0,1.2031668709929553,0.3411761116955132,1.5575162741330342
261,0.533575964510556,0,0.2561144268683246,0.46477297469345125,-0.12437096072855205
262,-1.00724301051008,1,-2.602319784862771,0.044381728390583186,-2.0945936123781137
263,-0.31971103716216975,0,-0.7297695758206604,1.8009546392426383,-0.3544864409256032
264,1.5225443813585513,0,0.8829787278719032,0.26881462756860336,1.724429673872066
265,1.7624875498634447,0,0.49102370949228374,0.143452092907706,0.23636156460066204
266,0.6985180398409272,0,0.04151839017976078,0.3657090005184211,1.3110988450704348
267,-0.3996422870482151,0,-0.09101981874507137,1.86023302396609,0.28392726518367994
268,-0.773263498657875,0,-0.7332953002080154,-1.3964340749285706,-0.20328401537433377
269,-0.6521267332327053,1,-0.9983531695161498,-2.502433861627794,-1.3491739943647498
270,0.7480236332011448,0,1.4484324760308054,0.2472857215630142,0.797743963605708
271,-1.0472510663211942,0,-0.8817836515815088,-2.547628383922301,-0.3398416012590356
272,-0.5760238776795663,0,-0.3858421942169865,-0.30335819296724686,-0.08418992318672844
273,0.15716001702862117,0,-1.5852126287426458,-0.0751244615405171,-0.41543344227747564
274,0.5603567122067994,0,0.4245326582120026,-0.12449705238414221,1.3682958351055667
275,-1.8549871757667142,0,0.47011200101827283,1.078444765000794,0.19600014638671104
276,0.6209954619047431,1,0.4187802747398147,-2.045824376722523,1.0030082401931595
277,0.5513803889159914,0,2.385318827954343,-0.048062289446096584,1.5282499225728452
278,-0.29424509332762117,0,0.12585440195884873,1.861507340006046,0.48823162322477315
279,0.30077412127069386,0,-1.3503027013267,2.891824455479948,-1.0502082384510971
280,-0.35335650256789153,1,-1.2286902570878548,-0.587695259221362,-0.22043555594894446
281,1.1985895145645917,0,-0.23209607458574325,-2.1767715320089636,0.6314955301167481
282,1.0738583646543371,0,0.947619027909628,-0.4882128065951096,1.829217191814051
283,-1.2284485362548212,0,0.4437265624401123,2.700163003142196,0.0047728372495094845
284,-0.7605763686424287,0,-1.1396951265735906,-0.7701805585997897,-0.12270409318277653
285,0.5868728928090735,0,-0.3599360055651074,-0.4301941845291596,0.19318992035529994
286,0.2971726506449624,0,-0.5335560605332822,-0.42930443419206255,0.8997433118939587
287,0.021212300104638822,0,-0.08267153756570939,0.7205401999938138,0.8865507542887223
288,0.8361802537753797,0,0.6931784364434408,-1.3087206574598027,-0.012450209383647104
289,0.0005532315405601192,0,-0.16271037907097435,-1.2732338502860503,-1.187784275375527
290,1.8523094980189918,0,0.3050519241204769,-0.595455878904773,1.3605121223944177
291,0.5901212742090806,0,0.4330803466570643,1.638052228563057,1.6651365706359522
292,-1.0702240507548393,0,0.20827893445660425,0.8453157899130037,0.3922443584263624
293,-0.49933791500701596,0,-0.8233621876294175,-0.4490599098931952,-1.358143487198402
294,-0.01609035275820542,0,0.4935593133639573,-1.632188034301625,2.279114661121639
295,0.0507010715346379,0,0.07777000492477548,2.041590559205475,1.3503131145457818
296,0.7929682546294773,0,0.258926851593554,-0.4244629259891157,1.3164964217045507
297,0.2911529235334659,0,-0.14671270760584515,-0.0943057424958129,-0.47537639701339907
298,-2.542708621028738,0,0.3182596373956621,1.1606004088337158,-2.395068620123235
299,1.4975719946768922,0,0.6377991986295506,0.9100000594150858,0.7728043201495358
300,-0.22251328327261224,0,1.3854905195335607,0.7209637678272893,0.5915319674195608
301,-0.2973565937281481,0,1.5057821736975725,2.1098272461417795,-0.532091716190767
302,-1.812495996093728,1,-2.2884022666035198,0.8363952773557785,-2.9595391399438116
303,-0.3946439048471284,0,-1.0206848917694955,1.8250652358670147,-0.3291386877740126
304,-1.0441723333323507,0,-1.834548562819231,1.4864451688822686,-0.5041887289939613
305,-0.09772661276537606,1,-0.6298797197906243,-2.1166395914663143,-0.6693559457290689
306,-0.01673999121194839,0,-0.2459780050467124,1.6723331654935685,1.4458180449636782
307,0.9918157487186898,0,-1.5549500038447113,-0.13214902990190014,-1.5717206460314106
308,-0.15048206443516815,0,-0.002797062613246082,-3.945778758910964,-0.3615716529231718
309,-1.25239754114784,0,-1.0700859608141635,-1.18038189146696,-1.0654907933026327
310,0.43895940310512666,0,0.19437613434325954,1.715035401046515,-0.09796265114018074
311,-0.1337675585099296,0,-0.8881236453799132,0.4507770815558514,0.2354806845604369
312,0.40764946714708616,0,-0.8446313938145953,-2.1027417719348103,0.37644067398483533
313,2.355176603169077,0,1.542333348175977,-3.3460790314794693,1.284432830949484
314,-0.13573413164528642,1,0.9033108987668476,-0.14014719090686478,1.2580595686733866
315,0.09778165096896524,1,-1.5793411083247477,0.9651045201968202,-1.4428683057311216
316,-1.497952054811078,0,-0.5625111191208203,0.972110834264464,-2.3133332716769615
317,0.3700215021835698,0,0.7415564385794773,0.08264651248470638,0.16157103443618087
318,0.07318258812081195,1,-0.6390318228958263,1.2469808686337196,1.4128991652426661
319,-0.0720786822682199,0,-0.42332611087854943,0.8177302119261013,-0.006368938016211967
320,-1.9521630346098597,1,-1.1010640649364716,1.574447697162125,-1.5031028586899087
321,-0.6160797679648844,0,-0.5524635626303027,1.4823649672969346,-1.9486724721025386
322,0.9585794526052324,0,-0.5722150029342375,0.7992070659871969,2.010284488499777
323,0.7482317312312061,0,-0.29388263134506865,-0.5499692090447028,-0.9112118940215339
324,0.7132417062420081,0,0.7154695342454209,0.590756638075361,0.09450627957042917
325,0.7888930939311517,0,1.114798880899641,1.0610779516064455,2.237687046329871
326,1.1688629247105586,0,0.4341152344220192,2.1538595345063465,-0.9745990489392509
327,1.3435629571404661,0,-0.17186918923594985,0.07171694122109668,1.7293815079174475
328,-0.15924101653041373,0,-0.07898872677452118,-0.16938226722327476,1.6521664002113456
329,1.4141872364464876,0,-0.38618836395992917,1.907392537256146,0.2010589339175231
330,-1.4139591038357633,0,-1.2545023466761762,0.5963884306452389,0.20963475402007004
331,-1.1941443937986234,1,-2.6230500955234746,-2.2073694237747086,-1.4773081875201381
332,0.8994829240758918,0,0.20899865622920097,-0.8591353399710027,1.7269253778747702
333,1.047940533398091,0,-0.5229031568702378,-0.6134066589439047,-0.09827434936599738
334,-1.5793057280591587,1,-1.1328755817871519,1.2649154590185887,-1.2580950392396786
335,-2.6815876179186504,0,-2.2700367278709104,0.7086400897606419,-0.0019111504616809993
336,-1.2644410324484365,0,-1.0963082113826605,0.015228707438405487,-1.8075819186011635
337,0.39027807011949517,0,1.0709142545625028,1.1456551849155723,-1.6234700840215122
338,0.23795185777528066,0,-1.4409026646313772,1.6808284857409206,-0.06143050880436335
339,2.457067063473318,0,-0.2247350345890612,-1.1639157860294482,2.0499102444442814
340,-0.8994520321643635,0,-0.07237864961408891,0.5337594885301558,0.41641849574068257
341,1.145177632919714,0,1.2217347024546148,-3.0019039189918093,0.7417496580030121
342,-0.006250118258128881,0,-0.1623886831827413,1.0662974606102815,-0.7732161089528069
343,1.7686034884483688,0,0.4211780153207192,-0.40793297310675747,-0.5520995604640386
344,-0.9494526527594909,0,-0.2663694606585878,2.378905056952645,-0.6254272262484608
345,0.6262610849952301,1,0.2865621380176361,-1.3838549699502032,1.4199722977726055
346,0.987172515021227,0,-0.7351808564591018,-1.5184559650433291,-0.18424464811434998
347,0.6626767347660323,0,0.32738760277760837,-0.46044519340393314,0.5081408408764818
348,-1.1705354497498959,0,-1.2731787918066442,0.6440866306281545,-1.6820207900858195
349,0.29728560756123174,0,0.5270208853410326,1.2424385662638566,0.3531768098141791
350,0.05808142376333135,0,0.026850236449831366,-0.20268851615111716,-1.313150242189382
351,0.6664197308834356,0,-0.7155785330053688,0.43505881877805264,-0.5028080410007418
352,-0.12784490723130562,0,-0.2030227350822862,0.7412333635762567,-0.25345997303623213
353,-1.3210144972720448,0,0.7160385351467093,-0.46265592081112583,0.3800996273002251
354,0.32075362464220813,0,-0.9126454394177042,-0.5065594482367105,1.690336799630882
355,-0.8498634993820549,0,-0.23988513788409804,-1.3662517650069272,0.13476964563790228
356,0.7501172053210571,0,0.5662701043948495,-0.4833307437400358,-0.7643527969794454
357,-0.3751833506429331,0,0.8813552799508457,-0.15093762319453008,1.615327565224772
358,1.0220948979790905,1,-0.7852564545479686,-1.1971902537381416,-0.8748320405662814
359,-0.4120182027403008,1,-1.3966096671980888,-1.5086342791412282,-0.20248175796849002
360,-1.497776077480289,0,-0.37307615033295843,1.4167633128953718,-0.45271618291124166
361,-0.24113523529321085,1,-0.17851818151646692,0.4196836903890654,-0.3000780660673652
362,1.8204238228516934,0,0.020371252083151326,0.7213111614468429,0.5480163502962041
363,0.646181252854155,0,-0.057042960741683024,3.4320264406937757,0.21850602058583846
364,1.0431518427555033,0,1.9334689474603128,-0.2943290984879162,-0.9384258674249885
365,0.3997154427075822,1,-0.9540330112386692,-0.03513785199698394,-2.6895656075871948
366,0.1763266738649445,0,1.062006148578389,-2.2510351837850218,1.3578872654544525
367,-1.6566289904583134,0,-0.359483912380396,-0.4203230742887119,-1.0498615346756934
368,0.5220059053549854,0,0.3373146553988534,0.7229671234065592,1.0307742471190235
369,0.14165382233205026,0,-1.2022051723625529,-1.5200129727415301,-1.2898762548509746
370,2.0636004991048047,0,2.5795725811058228,0.2624338561427628,3.360481664638337
371,-1.4929883495042766,0,0.30660804851798384,-0.3726102699356537,-2.762425763424423
372,-0.05615616394391969,0,0.917733277433362,3.9797315542410945,0.5634686787796181
373,1.4060917515470204,0,1.2322216328116986,1.037346846251799,0.9916991762060425
374,-0.44141651403617826,0,0.4626439443720767,0.48420484248271434,1.8525273441645318
375,1.0387015092835787,0,0.4374473060399027,-2.0925371974667697,-0.6941970194564863
376,-1.4391103775411798,0,-1.6434622656725226,-2.3319879127096517,-0.8605526898170648
377,0.30575705009891785,0,0.5356054928189612,1.172914618370905,0.4346899196333812
378,1.420184819506526,0,0.15904785397932275,0.4085896424286972,1.7004620021870287
379,2.2367330483578303,0,2.0965340020364884,1.24620648649691,1.5111223238729257
380,-0.5681509771725122,0,0.48669917088706327,-0.4787272723468343,0.12032052945969185
381,-0.5255591349864613,0,-0.7832402437989221,0.7401351457719982,1.2238430493082582
382,1.1784689735714493,0,-0.1759702325966654,-0.9651044964718329,0.23250146828105236
383,-0.29746177845219685,0,-1.199538988733114,1.4947223584233351,-1.7516884553129994
384,1.120762335054945,0,-0.7728706897856186,0.8268004722101252,1.6908690494563174
385,-0.979582674814624,1,-0.03302954707564232,1.0963212507824567,-0.6994720401974373
386,0.14292494096379876,1,0.13453287111846485,-0.10313221602217615,1.6943823800997988
387,1.1094006050442335,1,0.4433109413638764,0.08464509801961029,0.43252905306222256
388,-0.7413139092508102,0,-0.35025056260807463,-0.48096491872373526,1.20669785087258
389,0.37214790668412806,0,0.1201316841554744,-1.610348151242815,2.10311625124207
390,0.3884083511578098,1,-0.8260459839049856,0.03904696862717538,-1.4685212057731847
391,-0.2576892987250023,0,-0.32219262017335465,1.0139198351003125,-0.7319211118471682
392,-1.2378321652416922,1,0.6207935663687258,2.282071922727002,0.05961915508566462
393,0.2955743827339853,0,-0.5562424145094851,-0.8358650175407358,-0.8412348328285959
394,-1.5637585938657055,0,-0.5952653269874276,-0.18644835997621292,-1.5677329925736945
395,-0.42833693410816753,0,0.3778390931646758,-0.8644646529560124,-0.7193390271474602
396,-0.1731203155760464,1,-0.04732418019791403,2.2029190585862883,-0.7837942246529208
397,0.13458912863491224,0,0.8573215440783281,0.445161070587055,0.8960747780534752
398,1.2746236897902392,0,1.3859101157207232,0.3993804721121951,3.184207733239217
399,1.1942022139973039,0,1.3992410932853243,2.0299515012001974,1.4642655185476359
400,1.5584864679299522,0,0.8977026039776613,-1.9498107881041364,1.4231009943609378
