scenario,size,indicator,prior_scale,model,coef,fits,truth,mean,coverage,bias,width,contraction,sign_error,exaggeration,false_exclusion,flagged,mild,seconds,prior_shift,oracle_mean,oracle_sign_agree,oracle_in_interval
s1_recovery,large,e_r50,1.0,joint,b_f,20,0.3,0.3118015377625521,0.95,0.011801537762552081,0.18165945654818771,0.9969130207038445,0.0,1.039338459208507,,0.05,0.8,583.0,,,,
s1_recovery,large,e_r50,1.0,joint,b_m,20,0.0,0.013903419982347287,0.85,0.013903419982347287,0.3360857184827459,0.9895084500359808,,,0.15,0.05,0.8,583.0,,,,
s1_recovery,large,e_r50,1.0,joint,b_vt,20,-0.65,-0.6522193429460822,1.0,-0.00221934294608217,0.14632387563298183,0.9980089345684547,0.0,1.0034143737632033,,0.05,0.8,583.0,,,,
s1_recovery,large,e_r50,1.0,joint,b_z,20,-0.2598076211353315,-0.268055177716413,0.9,-0.008247556581081497,0.20462724965036888,0.9961058846665176,0.0,1.0317448600816272,,0.05,0.8,583.0,,,,
s1_recovery,large,e_r50,1.0,joint,c_z,20,-0.1558845726811989,-0.14982771342428597,0.85,0.006056859256912938,0.1701631942863364,0.9973000121054131,0.0,1.090053934373536,,0.05,0.8,583.0,,,,
s1_recovery,large,e_r50,1.0,joint,g_s,20,-0.3,-0.34956712493283076,0.9,-0.049567124932830754,0.8487503231894834,0.9325596080413912,0.0,1.9764221218271179,,0.05,0.8,583.0,,,,
s1_recovery,large,e_r50,1.0,joint,g_vt,20,-1.25,-1.41640473108818,0.9,-0.16640473108818005,0.7423076735707859,0.947777813831709,0.0,1.133123784870544,,0.05,0.8,583.0,,,,
s1_recovery,large,e_r50,1.0,joint,g_z,20,-0.4330127018922193,-0.47583052828155725,0.9,-0.04281782638933793,0.8600154128426885,0.9300409512877568,0.0,1.5734912352073906,,0.05,0.8,583.0,,,,
s1_recovery,large,e_r80,1.0,joint,b_f,20,0.3,0.30117774272186015,1.0,0.0011777427218602047,0.14111279210352684,0.9981556799305507,0.0,1.0039258090728673,,0.0,0.3,487.6,,,,
s1_recovery,large,e_r80,1.0,joint,b_m,20,0.0,0.013838525727268305,0.9,0.013838525727268305,0.29798241842218637,0.9917194897749706,,,0.1,0.0,0.3,487.6,,,,
s1_recovery,large,e_r80,1.0,joint,b_vt,20,-0.65,-0.646539341067576,1.0,0.003460658932423921,0.1335208389514812,0.998349791986962,0.0,0.9946759093347325,,0.0,0.3,487.6,,,,
s1_recovery,large,e_r80,1.0,joint,b_z,20,-0.2598076211353315,-0.2586720369898634,0.9,0.00113558414546812,0.13632048638549604,0.9982640072594752,0.0,0.9956291345861767,,0.0,0.3,487.6,,,,
s1_recovery,large,e_r80,1.0,joint,c_z,20,-0.1558845726811989,-0.15065246227490153,0.85,0.005232110406297367,0.1251231775960922,0.9985466122687715,0.0,0.9966758225658084,,0.0,0.3,487.6,,,,
s1_recovery,large,e_r80,1.0,joint,g_s,20,-0.3,-0.35336407986858226,0.9,-0.053364079868582284,0.8333256959490789,0.9343737133429493,0.0,1.983714863736155,,0.0,0.3,487.6,,,,
s1_recovery,large,e_r80,1.0,joint,g_vt,20,-1.25,-1.40618790397342,0.85,-0.15618790397341983,0.7263259524683636,0.9504575308114642,0.0,1.124950323178736,,0.0,0.3,487.6,,,,
s1_recovery,large,e_r80,1.0,joint,g_z,20,-0.4330127018922193,-0.4581014342444199,0.95,-0.02508873235220061,0.6291334281083777,0.9628540210236837,0.0,1.2112812220154807,,0.0,0.3,487.6,,,,
s1_recovery,large,f_only,1.0,joint,b_f,5,0.3,0.2563052499860524,1.0,-0.043694750013947584,0.5198480810329491,0.9727165356438242,0.0,0.9182393053335031,,1.0,0.0,1332.1,0.1301953225984876,,,
s1_recovery,large,f_only,1.0,joint,b_m,5,0.0,0.022562201372111578,1.0,0.022562201372111578,0.839754742313062,0.9361426613277917,,,0.0,1.0,0.0,1332.1,0.3014438763627777,,,
s1_recovery,large,f_only,1.0,joint,b_vt,5,-0.65,-0.6092201182932703,1.0,0.04077988170672968,0.252569987368788,0.9938884011202613,0.0,0.937261720451185,,1.0,0.0,1332.1,0.2235308004131112,,,
s1_recovery,large,f_only,1.0,joint,b_z,5,-0.2598076211353315,-0.19708417282230412,1.0,0.06272344831302741,0.9415344412342023,0.9104291662157781,,,,1.0,0.0,1332.1,0.28104089389268816,,,
s1_recovery,large,f_only,1.0,joint,c_z,5,-0.1558845726811989,-0.084204425043821,1.0,0.07168014763737791,0.8363722592320929,0.9285734570985873,,,,1.0,0.0,1332.1,0.35839591713426755,,,
s1_recovery,large,f_only,1.0,joint,g_s,5,-0.3,-0.5146583420751739,0.8,-0.21465834207517392,0.890800236646346,0.9251292570746978,0.0,2.1116767390261546,,1.0,0.0,1332.1,0.7402550760128866,,,
s1_recovery,large,f_only,1.0,joint,g_vt,5,-1.25,-1.5971510671296343,0.6,-0.3471510671296344,0.8939044296565688,0.9229499310319529,0.0,1.2777208537037077,,1.0,0.0,1332.1,1.555935261620741,,,
s1_recovery,large,f_only,1.0,joint,g_z,5,-0.4330127018922193,-0.07282386571051465,1.0,0.36018883618170466,2.406947235610985,0.4519288255374222,,,,1.0,0.0,1332.1,0.6331614007603428,,,
s1_recovery,large,f_only,2.5,joint,b_f,5,0.3,0.2638296350122962,1.0,-0.036170364987703776,0.545520440132596,0.9945216466643025,0.0,0.8665510354122784,,1.0,0.0,1191.2,,,,
s1_recovery,large,f_only,2.5,joint,b_m,5,0.0,0.005383638821822001,1.0,0.005383638821822001,1.0122020380815198,0.9829025032520301,,,0.0,1.0,0.0,1191.2,,,,
s1_recovery,large,f_only,2.5,joint,b_vt,5,-0.65,-0.6172018477171538,1.0,0.032798152282846216,0.2634683399525589,0.9989196578091597,0.0,0.9495413041802365,,1.0,0.0,1191.2,,,,
s1_recovery,large,f_only,2.5,joint,b_z,5,-0.2598076211353315,-0.18861460144803346,1.0,0.07119301968729805,0.8249502210919057,0.988836456547552,,,,1.0,0.0,1191.2,,,,
s1_recovery,large,f_only,2.5,joint,c_z,5,-0.1558845726811989,-0.05760546778366167,1.0,0.09827910489753724,0.667118366989925,0.9928581584398686,,,,1.0,0.0,1191.2,,,,
s1_recovery,large,f_only,2.5,joint,g_s,5,-0.3,-0.7196688581691981,0.6,-0.4196688581691982,1.2661056337628565,0.9741844403701256,0.0,2.9725851696748045,,1.0,0.0,1191.2,,,,
s1_recovery,large,f_only,2.5,joint,g_vt,5,-1.25,-2.0309386998360566,0.2,-0.7809386998360568,1.7409274942728756,0.9497580995307665,0.0,1.6247509598688452,,1.0,0.0,1191.2,,,,
s1_recovery,large,f_only,2.5,joint,g_z,5,-0.4330127018922193,-0.22041594477091975,1.0,0.21259675712129952,4.690860506979051,0.664115983397507,,,,1.0,0.0,1191.2,,,,
s1_recovery,small,e_r50,1.0,joint,b_f,20,0.3,0.3314611652063502,0.95,0.031461165206350214,0.2650041448986164,0.9933750234361973,0.0,1.104870550687834,,0.0,0.25,509.8,,,,
s1_recovery,small,e_r50,1.0,joint,b_m,20,0.0,0.040204535074969974,0.75,0.040204535074969974,0.48344890121989914,0.9782329800702746,,,0.25,0.0,0.25,509.8,,,,
s1_recovery,small,e_r50,1.0,joint,b_vt,20,-0.65,-0.6482302435313032,0.9,0.0017697564686967593,0.21946377065795458,0.9954943007435795,0.0,0.9972772977404665,,0.0,0.25,509.8,,,,
s1_recovery,small,e_r50,1.0,joint,b_z,20,-0.2598076211353315,-0.3093541389205093,0.9,-0.049546517785177754,0.31171640232467507,0.990869707100256,0.0,1.2236299044124932,,0.0,0.25,509.8,,,,
s1_recovery,small,e_r50,1.0,joint,c_z,20,-0.1558845726811989,-0.19090247720095016,0.9,-0.035017904519751265,0.2652389971651234,0.9934502319569823,0.0,1.4211428714544807,,0.0,0.25,509.8,,,,
s1_recovery,small,e_r50,1.0,joint,g_s,20,-0.3,-0.28333194205890805,0.95,0.016668057941091944,0.8258906975738449,0.9358175660041,0.0,1.6250716364803492,,0.0,0.25,509.8,,,,
s1_recovery,small,e_r50,1.0,joint,g_vt,20,-1.25,-1.2421422721901472,0.95,0.007857727809852843,0.6962489584187782,0.9545453060908156,0.0,0.9937138177521178,,0.0,0.25,509.8,,,,
s1_recovery,small,e_r50,1.0,joint,g_z,20,-0.4330127018922193,-0.43468728227816394,0.85,-0.0016745803859446351,0.8341711911381399,0.9340225337859325,0.0,1.3564149928618605,,0.0,0.25,509.8,,,,
s1_recovery,small,e_r80,1.0,joint,b_f,20,0.3,0.320529363024609,0.9,0.02052936302460899,0.2234554310620839,0.9953489943061185,0.0,1.06843121008203,,0.0,0.0,414.4,,,,
s1_recovery,small,e_r80,1.0,joint,b_m,20,0.0,0.04186223364221814,0.75,0.04186223364221814,0.4471747075662004,0.9813030564383526,,,0.25,0.0,0.0,414.4,,,,
s1_recovery,small,e_r80,1.0,joint,b_vt,20,-0.65,-0.6437495069831701,0.9,0.006250493016829889,0.2077283690609669,0.9959996169354947,0.0,0.9903838568971848,,0.0,0.0,414.4,,,,
s1_recovery,small,e_r80,1.0,joint,b_z,20,-0.2598076211353315,-0.288570794556959,0.85,-0.02876317342162744,0.21804882654767357,0.9955971403336935,0.0,1.1107095061181633,,0.0,0.0,414.4,,,,
s1_recovery,small,e_r80,1.0,joint,c_z,20,-0.1558845726811989,-0.1760754305668915,0.95,-0.02019085788569262,0.1971555431996537,0.996411034802804,0.0,1.1696390231630012,,0.0,0.0,414.4,,,,
s1_recovery,small,e_r80,1.0,joint,g_s,20,-0.3,-0.27868940083607174,1.0,0.021310599163928256,0.8246362575972308,0.9367479156766116,0.0,1.66945782799714,,0.0,0.0,414.4,,,,
s1_recovery,small,e_r80,1.0,joint,g_vt,20,-1.25,-1.2325685072046755,0.95,0.017431492795324598,0.6868031953458283,0.9559129560844741,0.0,0.9860548057637404,,0.0,0.0,414.4,,,,
s1_recovery,small,e_r80,1.0,joint,g_z,20,-0.4330127018922193,-0.42766467510638495,0.85,0.005348026785834345,0.6129197085729675,0.964971337565526,0.0,1.1490693614731688,,0.0,0.0,414.4,,,,
s1_recovery,small,f_only,1.0,joint,b_f,5,0.3,0.24803642141745613,1.0,-0.05196357858254387,0.6605477735353277,0.9579134257328386,0.0,1.5702618383940878,,1.0,0.0,1252.4,0.19703339307435172,,,
s1_recovery,small,f_only,1.0,joint,b_m,5,0.0,-0.0192443830236254,1.0,-0.0192443830236254,1.1591533679937043,0.8795388341071035,,,0.0,1.0,0.0,1252.4,0.5886816166781963,,,
s1_recovery,small,f_only,1.0,joint,b_vt,5,-0.65,-0.6089677004255162,0.8,0.04103229957448383,0.327077292958987,0.9896575487604128,0.0,0.9368733852700248,,1.0,0.0,1252.4,0.28872006669573425,,,
s1_recovery,small,f_only,1.0,joint,b_z,5,-0.2598076211353315,-0.0708243908260975,0.8,0.18898323030923403,1.0944968512130764,0.8778340609598214,,,,1.0,0.0,1252.4,0.2518504879831566,,,
s1_recovery,small,f_only,1.0,joint,c_z,5,-0.1558845726811989,0.048766019619074605,0.8,0.20465059230027355,0.9084507053135032,0.9102420677073798,1.0,2.131128531162502,,1.0,0.0,1252.4,0.28836696709250054,,,
s1_recovery,small,f_only,1.0,joint,g_s,5,-0.3,-0.3866469036155381,1.0,-0.08664690361553817,0.803409012092442,0.9374511239128358,0.0,1.531628963406662,,1.0,0.0,1252.4,0.7170065590985406,,,
s1_recovery,small,f_only,1.0,joint,g_vt,5,-1.25,-1.267918786553914,1.0,-0.017918786553914056,0.7892768036039226,0.9406925331669974,0.0,1.0143350292431312,,1.0,0.0,1252.4,2.174206619504866,,,
s1_recovery,small,f_only,1.0,joint,g_z,5,-0.4330127018922193,0.036426216134804276,1.0,0.46943891802702364,2.868523873255979,0.211151546889987,,,,1.0,0.0,1252.4,0.892183747113689,,,
s1_recovery,small,f_only,2.5,joint,b_f,5,0.3,0.2253318198264679,1.0,-0.07466818017353208,0.6278262600567631,0.9937408389613287,0.0,1.3463428591288529,,1.0,0.0,643.4,,,,
s1_recovery,small,f_only,2.5,joint,b_m,5,0.0,-0.17985641629324728,1.0,-0.17985641629324728,1.8332493096213163,0.9471153651225961,,,0.0,1.0,0.0,643.4,,,,
s1_recovery,small,f_only,2.5,joint,b_vt,5,-0.65,-0.630731271195563,0.8,0.01926872880443702,0.3364564392873166,0.9982638594421154,0.0,0.9703558018393277,,1.0,0.0,643.4,,,,
s1_recovery,small,f_only,2.5,joint,b_z,5,-0.2598076211353315,-0.06698903739818078,1.0,0.19281858373715072,1.3175267822011842,0.9714655929808288,,,,1.0,0.0,643.4,,,,
s1_recovery,small,f_only,2.5,joint,c_z,5,-0.1558845726811989,0.013302832596555968,1.0,0.16918740527775486,1.1686905162479875,0.9776598132652978,,,,1.0,0.0,643.4,,,,
s1_recovery,small,f_only,2.5,joint,g_s,5,-0.3,-0.5669420496451709,1.0,-0.266942049645171,1.2689843369316067,0.9753117655670577,0.0,2.20183320734318,,1.0,0.0,643.4,,,,
s1_recovery,small,f_only,2.5,joint,g_vt,5,-1.25,-1.8016225537347972,0.8,-0.551622553734797,1.7382355470960889,0.9508224961154405,0.0,1.4412980429878375,,1.0,0.0,643.4,,,,
s1_recovery,small,f_only,2.5,joint,g_z,5,-0.4330127018922193,0.003346650505331006,1.0,0.4363593523975503,6.436022780221494,0.34326900390779636,,,,1.0,0.0,643.4,,,,
s2_register,large,e_r50,1.0,joint,b_f,20,0.3,0.0668482528254674,0.0,-0.23315174717453258,0.1460259215043692,0.9980059204412752,0.0,0.30784954636597534,,0.0,0.75,542.4,,,,
s2_register,large,e_r50,1.0,joint,b_m,20,0.0,0.13180840968600674,0.55,0.13180840968600674,0.3563390887608851,0.9883059829393472,,,0.45,0.0,0.75,542.4,,,,
s2_register,large,e_r50,1.0,joint,b_vt,20,-0.5,-0.3822258036747678,0.2,0.11777419632523223,0.13449338692474117,0.9983275194899542,0.0,0.7644516073495355,,0.0,0.75,542.4,,,,
s2_register,large,e_r50,1.0,joint,b_z,20,0.0,0.08705731623769379,0.6,0.08705731623769379,0.20481875797492427,0.996062392536043,,,0.4,0.0,0.75,542.4,,,,
s2_register,large,e_r50,1.0,joint,c_z,20,0.1039230484541326,0.11032032118786934,0.8,0.006397272733736739,0.17959320154417643,0.9969895495313569,0.0,1.5165316817777852,,0.0,0.75,542.4,,,,
s2_register,large,e_r50,1.0,joint,g_s,20,-0.3,-0.30987743622720415,0.85,-0.00987743622720413,0.8547116787580537,0.931401751813046,0.0,2.054231672396267,,0.0,0.75,542.4,,,,
s2_register,large,e_r50,1.0,joint,g_vt,20,-1.25,-1.2005290902324774,0.8,0.049470909767522386,0.705743079486615,0.9532974739238449,0.0,0.9604232721859821,,0.0,0.75,542.4,,,,
s2_register,large,e_r50,1.0,joint,g_z,20,-0.4330127018922193,-0.39469303144963996,0.9,0.03831967044257932,0.836575606675136,0.9340574625596826,0.0,1.346928248106201,,0.0,0.75,542.4,,,,
s2_register,large,e_r80,1.0,joint,b_f,20,0.3,0.0685173196849634,0.0,-0.23148268031503658,0.1291245353428747,0.9984425523136355,0.0,0.28388223929155476,,0.0,0.55,459.70000000000005,,,,
s2_register,large,e_r80,1.0,joint,b_m,20,0.0,0.13518820036944681,0.55,0.13518820036944681,0.34983029356857126,0.9885923054970585,,,0.45,0.0,0.55,459.70000000000005,,,,
s2_register,large,e_r80,1.0,joint,b_vt,20,-0.5,-0.3828373758966895,0.15,0.1171626241033105,0.13158117908050268,0.998392786895472,0.0,0.765674751793379,,0.0,0.55,459.70000000000005,,,,
s2_register,large,e_r80,1.0,joint,b_z,20,0.0,0.08907061669525254,0.35,0.08907061669525254,0.14553907357379842,0.9980239336361214,,,0.65,0.0,0.55,459.70000000000005,,,,
s2_register,large,e_r80,1.0,joint,c_z,20,0.1039230484541326,0.11309656243939889,0.9,0.009173513985266299,0.13421757382524363,0.9983246506863068,0.0,1.2327485866641845,,0.0,0.55,459.70000000000005,,,,
s2_register,large,e_r80,1.0,joint,g_s,20,-0.3,-0.3084833096091237,0.85,-0.008483309609123685,0.8528748687680745,0.9318834449807241,0.0,2.05610094912442,,0.0,0.55,459.70000000000005,,,,
s2_register,large,e_r80,1.0,joint,g_vt,20,-1.25,-1.194897062394824,0.8,0.05510293760517575,0.6985502326012769,0.9540116310217959,0.0,0.9559176499158595,,0.0,0.55,459.70000000000005,,,,
s2_register,large,e_r80,1.0,joint,g_z,20,-0.4330127018922193,-0.3851959481227744,0.9,0.04781675376944487,0.6194267004832861,0.9643523917667013,0.0,1.0702854325603277,,0.0,0.55,459.70000000000005,,,,
s2_register,large,f_only,1.0,joint,b_f,5,0.3,0.21680697692232567,1.0,-0.08319302307767434,0.6033678019192574,0.9632912512957759,0.0,1.1387312840512773,,1.0,0.0,1634.7,0.3114722085919445,,,
s2_register,large,f_only,1.0,joint,b_m,5,0.0,0.10895458947130592,1.0,0.10895458947130592,0.9120440132179539,0.9246075966394738,,,0.0,1.0,0.0,1634.7,0.4878303610768883,,,
s2_register,large,f_only,1.0,joint,b_vt,5,-0.5,-0.4943710284004366,1.0,0.00562897159956337,0.3024713171339567,0.9909064809147378,0.0,0.9887420568008732,,1.0,0.0,1634.7,0.28890473204306943,,,
s2_register,large,f_only,1.0,joint,b_z,5,0.0,-0.21164890719889745,0.8,-0.21164890719889745,0.90959479142647,0.9120217816323679,,,0.2,1.0,0.0,1634.7,0.3657181133028676,,,
s2_register,large,f_only,1.0,joint,c_z,5,0.1039230484541326,-0.08151909248518856,0.8,-0.18544214093932115,0.7451161414783969,0.9439368179957108,,,,1.0,0.0,1634.7,0.46515635349801004,,,
s2_register,large,f_only,1.0,joint,g_s,5,-0.3,-0.11098260022027917,1.0,0.18901739977972082,0.8839516833538517,0.9263935385947961,0.0,1.9173395483867983,,1.0,0.0,1634.7,0.3110050763930504,,,
s2_register,large,f_only,1.0,joint,g_vt,5,-1.25,-1.3037210569997444,0.8,-0.053721056999744256,0.7844020838278607,0.9401198236617813,0.0,1.0429768455997954,,1.0,0.0,1634.7,1.2924088329640768,,,
s2_register,large,f_only,1.0,joint,g_z,5,-0.4330127018922193,-0.31032222897745165,1.0,0.12269047291476762,2.357422014814823,0.475996850673046,,,,1.0,0.0,1634.7,0.8616393440203035,,,
s2_register,large,f_only,2.5,joint,b_f,5,0.3,0.2440596844474463,1.0,-0.05594031555255369,0.6268769702964201,0.9937407764855187,0.0,1.2044864858124191,,1.0,0.0,912.6,,,,
s2_register,large,f_only,2.5,joint,b_m,5,0.0,0.0203404354015023,1.0,0.0203404354015023,1.251429449247499,0.975914107297189,,,0.0,1.0,0.0,912.6,,,,
s2_register,large,f_only,2.5,joint,b_vt,5,-0.5,-0.5193497179922586,1.0,-0.01934971799225854,0.3120084597501819,0.998449186446347,0.0,1.0386994359845172,,1.0,0.0,912.6,,,,
s2_register,large,f_only,2.5,joint,b_z,5,0.0,-0.29991037724295533,0.8,-0.29991037724295533,0.876749143861067,0.9881654252957845,,,0.2,1.0,0.0,912.6,,,,
s2_register,large,f_only,2.5,joint,c_z,5,0.1039230484541326,-0.15751688491446525,0.8,-0.26143993336859783,0.7158105793217675,0.9921766792419564,,,,1.0,0.0,912.6,,,,
s2_register,large,f_only,2.5,joint,g_s,5,-0.3,-0.19514344487080354,1.0,0.10485655512919649,1.1277003589188745,0.9802889298187782,0.0,2.509836188444434,,1.0,0.0,912.6,,,,
s2_register,large,f_only,2.5,joint,g_vt,5,-1.25,-1.6106594841814368,0.8,-0.3606594841814368,1.3753484951395738,0.9687010286524472,0.0,1.2885275873451494,,1.0,0.0,912.6,,,,
s2_register,large,f_only,2.5,joint,g_z,5,-0.4330127018922193,-0.22582258083077084,1.0,0.20719012106144846,4.479563838619196,0.6621793890910046,,,,1.0,0.0,912.6,,,,
s2_register,small,e_r50,1.0,joint,b_f,20,0.3,0.02816679418565061,0.0,-0.2718332058143494,0.21378117156646198,0.9957328559651867,,,,0.0,0.2,544.8,,,,
s2_register,small,e_r50,1.0,joint,b_m,20,0.0,0.06644361471272801,0.9,0.06644361471272801,0.4932663972000637,0.9773986140337637,,,0.1,0.0,0.2,544.8,,,,
s2_register,small,e_r50,1.0,joint,b_vt,20,-0.5,-0.36594589334538413,0.35,0.13405410665461587,0.1977769570326101,0.9963584749962242,0.0,0.7318917866907683,,0.0,0.2,544.8,,,,
s2_register,small,e_r50,1.0,joint,b_z,20,0.0,0.11316254165495573,0.65,0.11316254165495573,0.30258870281938094,0.991379235979385,,,0.35,0.0,0.2,544.8,,,,
s2_register,small,e_r50,1.0,joint,c_z,20,0.1039230484541326,0.12218323070204713,1.0,0.01826018224791454,0.26876308289369627,0.9932730191032026,0.0,1.6109829102337685,,0.0,0.2,544.8,,,,
s2_register,small,e_r50,1.0,joint,g_s,20,-0.3,-0.2939272705262356,1.0,0.006072729473764432,0.8166441993430631,0.9369746153314876,0.0,1.7283116964574994,,0.0,0.2,544.8,,,,
s2_register,small,e_r50,1.0,joint,g_vt,20,-1.25,-1.1387362325106223,0.9,0.11126376748937768,0.6694954370548066,0.9579262636182397,0.0,0.9109889860084979,,0.0,0.2,544.8,,,,
s2_register,small,e_r50,1.0,joint,g_z,20,-0.4330127018922193,-0.44798676121093556,1.0,-0.01497405931871631,0.8565605835949794,0.9310096263071713,0.0,1.4877655154425973,,0.0,0.2,544.8,,,,
s2_register,small,e_r80,1.0,joint,b_f,20,0.3,0.03292637489771112,0.0,-0.2670736251022889,0.19295915148573936,0.996537402847528,0.0,0.3372689469386807,,0.0,0.0,412.1,,,,
s2_register,small,e_r80,1.0,joint,b_m,20,0.0,0.06623125740891192,0.9,0.06623125740891192,0.48230129721728865,0.9783650075259416,,,0.1,0.0,0.0,412.1,,,,
s2_register,small,e_r80,1.0,joint,b_vt,20,-0.5,-0.36796898700344627,0.3,0.13203101299655368,0.1927233813515376,0.9965485662876981,0.0,0.7359379740068925,,0.0,0.0,412.1,,,,
s2_register,small,e_r80,1.0,joint,b_z,20,0.0,0.10549074092005281,0.5,0.10549074092005281,0.21199024348666518,0.9958095559441148,,,0.5,0.0,0.0,412.1,,,,
s2_register,small,e_r80,1.0,joint,c_z,20,0.1039230484541326,0.11591857705097,1.0,0.011995528596837387,0.19627729493373908,0.9964151420545235,0.0,1.4076878008497336,,0.0,0.0,412.1,,,,
s2_register,small,e_r80,1.0,joint,g_s,20,-0.3,-0.2959402544137563,0.95,0.0040597455862436335,0.799518986917454,0.9398732402799889,0.0,1.6636561658737572,,0.0,0.0,412.1,,,,
s2_register,small,e_r80,1.0,joint,g_vt,20,-1.25,-1.1291664752545842,0.9,0.12083352474541567,0.6542203700064069,0.9599541235734297,0.0,0.9033331802036674,,0.0,0.0,412.1,,,,
s2_register,small,e_r80,1.0,joint,g_z,20,-0.4330127018922193,-0.4156731800557165,0.9,0.017339521836502808,0.6137989057459042,0.9650871783539564,0.0,1.1794237138970962,,0.0,0.0,412.1,,,,
s2_register,small,f_only,1.0,joint,b_f,5,0.3,0.1817898749804291,0.8,-0.11821012501957091,0.681161852032742,0.9522605267757038,,,,1.0,0.0,671.1,0.24993983438541706,,,
s2_register,small,f_only,1.0,joint,b_m,5,0.0,0.0474849629639678,1.0,0.0474849629639678,1.1800935944493136,0.8656095911222575,,,0.0,1.0,0.0,671.1,0.6051362930526005,,,
s2_register,small,f_only,1.0,joint,b_vt,5,-0.5,-0.45961235108967224,0.8,0.04038764891032772,0.33779758923334924,0.9889371289781925,0.0,0.9192247021793445,,1.0,0.0,671.1,0.23956537348129703,,,
s2_register,small,f_only,1.0,joint,b_z,5,0.0,-0.19806549926745398,1.0,-0.19806549926745398,1.152613346907111,0.8710759615347012,,,0.0,1.0,0.0,671.1,0.33542497657207493,,,
s2_register,small,f_only,1.0,joint,c_z,5,0.1039230484541326,-0.09419369016154755,1.0,-0.19811673861568013,0.9210892198214571,0.9209472567910243,,,,1.0,0.0,671.1,0.25844215789662756,,,
s2_register,small,f_only,1.0,joint,g_s,5,-0.3,-0.5553497539849892,1.0,-0.25534975398498927,0.9184104012465749,0.9202484525253218,0.0,1.851165846616631,,1.0,0.0,671.1,0.8619305594574813,,,
s2_register,small,f_only,1.0,joint,g_vt,5,-1.25,-1.220549263758492,1.0,0.029450736241508048,0.7910631004176736,0.9407261147890658,0.0,0.9764394110067937,,1.0,0.0,671.1,1.8659363258901678,,,
s2_register,small,f_only,1.0,joint,g_z,5,-0.4330127018922193,-0.3410957087386256,1.0,0.09191699315359365,2.837457058560053,0.24313277159891883,,,,1.0,0.0,671.1,0.8058541762824042,,,
s2_register,small,f_only,2.5,joint,b_f,5,0.3,0.13602637754256844,1.0,-0.16397362245743158,0.8378411692431011,0.9871372892995589,0.0,0.9512698816408048,,1.0,0.0,1499.2,,,,
s2_register,small,f_only,2.5,joint,b_m,5,0.0,-0.1762624689553418,1.0,-0.1762624689553418,2.0847211943367823,0.9272288179656762,,,0.0,1.0,0.0,1499.2,,,,
s2_register,small,f_only,2.5,joint,b_vt,5,-0.5,-0.46938648952740786,0.8,0.03061351047259221,0.3903264541822567,0.9974530177799676,0.0,1.061651414510901,,1.0,0.0,1499.2,,,,
s2_register,small,f_only,2.5,joint,b_z,5,0.0,-0.1704035503346771,1.0,-0.1704035503346771,1.3621787700879389,0.9696358970362187,,,0.0,1.0,0.0,1499.2,,,,
s2_register,small,f_only,2.5,joint,c_z,5,0.1039230484541326,-0.10647600886597294,1.0,-0.21039905732010555,1.0261204928048908,0.9835201475804244,,,,1.0,0.0,1499.2,,,,
s2_register,small,f_only,2.5,joint,g_s,5,-0.3,-0.800244770650869,0.8,-0.500244770650869,1.3916227994179335,0.9691454663291692,0.0,2.6674825688362303,,1.0,0.0,1499.2,,,,
s2_register,small,f_only,2.5,joint,g_vt,5,-1.25,-1.6764262197660222,0.8,-0.42642621976602246,1.611012675580816,0.9583139071248594,0.0,1.3411409758128179,,1.0,0.0,1499.2,,,,
s2_register,small,f_only,2.5,joint,g_z,5,-0.4330127018922193,-0.47723493962296076,0.8,-0.04422223773074143,6.013943841567491,0.4050553296667663,0.0,4.819812320973955,,1.0,0.0,1499.2,,,,
s3_mechanism,large,e_r50,1.0,joint,b_f,20,,0.05390454417832848,,,1.0697796678046592,0.8519624340419227,,,,0.65,0.35,765.4,,0.06267473012499433,0.45,0.9
s3_mechanism,large,e_r50,1.0,joint,b_m,20,0.0,-0.8462386194956318,0.4,-0.8462386194956318,1.6351236551606814,0.7411849649514289,,,0.6,0.65,0.35,765.4,,-0.07017174538859713,0.75,0.5
s3_mechanism,large,e_r50,1.0,joint,b_vt,20,,-1.5585633560906134,,,0.7814414865554722,0.9385842325448085,,,,0.65,0.35,765.4,,-1.4881482749180135,1.0,0.9
s3_mechanism,large,e_r50,1.0,joint,b_z,20,,-2.453112514920001,,,1.549803317836639,0.16017912568664616,,,,0.65,0.35,765.4,,-2.572406822519043,0.95,0.75
s3_mechanism,large,e_r50,1.0,joint,c_z,20,,-2.3874062751439067,,,1.3867773714769984,0.26618338413705,,,,0.65,0.35,765.4,,,,
s3_mechanism,large,e_r50,1.0,joint,g_s,20,-0.3,-0.2589698105188226,0.9,0.04103018948117735,0.8676093378649254,0.9291764790933754,0.0,1.8566474722349127,,0.65,0.35,765.4,,,,
s3_mechanism,large,e_r50,1.0,joint,g_vt,20,-1.25,-1.2918634369674882,0.85,-0.0418634369674882,0.7429238250252279,0.947459959511295,0.0,1.0334907495739905,,0.65,0.35,765.4,,,,
s3_mechanism,large,e_r50,1.0,joint,g_z,20,-0.4330127018922193,-0.54423911214511,0.75,-0.1112264102528907,1.268323013418652,0.6633281273328402,0.0,1.7370878132009955,,0.65,0.35,765.4,,,,
s3_mechanism,large,e_r80,1.0,joint,b_f,20,,0.04084298977369482,,,0.7458722010253833,0.8794233920921488,,,,0.25,0.75,550.0,,0.06267473012499433,0.45,0.9
s3_mechanism,large,e_r80,1.0,joint,b_m,20,0.0,-0.3669553925390586,0.7,-0.3669553925390586,1.088365093474153,0.8605338291046604,,,0.3,0.25,0.75,550.0,,-0.07017174538859713,0.85,0.75
s3_mechanism,large,e_r80,1.0,joint,b_vt,20,,-1.5194350552073954,,,0.7018532426545868,0.9417406176877057,,,,0.25,0.75,550.0,,-1.4881482749180135,1.0,0.85
s3_mechanism,large,e_r80,1.0,joint,b_z,20,,-2.616728364618707,,,1.1508032656291767,0.45745608043683494,,,,0.25,0.75,550.0,,-2.572406822519043,1.0,0.75
s3_mechanism,large,e_r80,1.0,joint,c_z,20,,-2.591948514700526,,,1.0154910374731392,0.5721746386579332,,,,0.25,0.75,550.0,,,,
s3_mechanism,large,e_r80,1.0,joint,g_s,20,-0.3,-0.2535312263411705,0.9,0.04646877365882953,0.8340999124450136,0.93410949885734,0.0,1.8584385550000324,,0.25,0.75,550.0,,,,
s3_mechanism,large,e_r80,1.0,joint,g_vt,20,-1.25,-1.2558164085645864,0.9,-0.005816408564586595,0.700481656966558,0.9536645872230874,0.0,1.0046531268516694,,0.25,0.75,550.0,,,,
s3_mechanism,large,e_r80,1.0,joint,g_z,20,-0.4330127018922193,-0.4876548091617514,0.8,-0.05464210726953208,0.8668455308928126,0.839213188077607,0.0,1.4241983254024073,,0.25,0.75,550.0,,,,
s3_mechanism,large,f_only,1.0,joint,b_f,5,,0.10336876465147815,,,3.6063713814560288,-0.5712815859397296,,,,1.0,0.0,1066.3,2.7799967982166343,0.02330392803135464,0.4,1.0
s3_mechanism,large,f_only,1.0,joint,b_m,5,0.0,-2.186882557488299,0.0,-2.186882557488299,2.3903351703871385,0.4737730529465338,,,1.0,1.0,0.0,1066.3,8.03747469807266,0.00035527727284397905,0.4,0.0
s3_mechanism,large,f_only,1.0,joint,b_vt,5,,-1.7623811611249227,,,1.7030718262735605,0.6800739632304982,,,,1.0,0.0,1066.3,3.015809056719383,-1.4571246594678986,1.0,1.0
s3_mechanism,large,f_only,1.0,joint,b_z,5,,-1.0972231804391381,,,5.8247265765983345,-4.873296666094889,,,,1.0,0.0,1066.3,3.658324663374775,-2.5036304749739005,0.8,1.0
s3_mechanism,large,f_only,1.0,joint,c_z,5,,-0.6417343473137983,,,4.8377996909435925,-3.0241152051922366,,,,1.0,0.0,1066.3,1.7986273804638864,,,
s3_mechanism,large,f_only,1.0,joint,g_s,5,-0.3,-0.20376546657085676,0.8,0.09623453342914322,1.0030558761095059,0.9065596514534923,0.0,1.957428068369777,,1.0,0.0,1066.3,1.1231949589488501,,,
s3_mechanism,large,f_only,1.0,joint,g_vt,5,-1.25,-1.580453958766889,0.6,-0.33045395876688916,0.9029180808971671,0.9237186654724787,0.0,1.2643631670135114,,1.0,0.0,1066.3,1.5879607821019748,,,
s3_mechanism,large,f_only,1.0,joint,g_z,5,-0.4330127018922193,-0.33757944141349083,0.8,0.09543326047872841,3.5340032370996317,-0.860711142624301,0.0,3.499642421987212,,1.0,0.0,1066.3,2.6708284613084907,,,
s3_mechanism,large,f_only,2.5,joint,b_f,5,,0.1160415102570334,,,12.001563888074385,-2.938041791859136,,,,1.0,0.0,914.0,,0.02330392803135464,0.6,0.8
s3_mechanism,large,f_only,2.5,joint,b_m,5,0.0,-7.958946013545234,0.0,-7.958946013545234,5.748505388268452,0.4453149567066883,,,1.0,1.0,0.0,914.0,,0.00035527727284397905,0.4,0.0
s3_mechanism,large,f_only,2.5,joint,b_vt,5,,-2.835889178721012,,,5.497768969309818,0.24860760155558456,,,,1.0,0.0,914.0,,-1.4571246594678986,1.0,0.8
s3_mechanism,large,f_only,2.5,joint,b_z,5,,-1.497430477388227,,,12.85613589715704,-3.915745543799967,,,,1.0,0.0,914.0,,-2.5036304749739005,0.8,0.8
s3_mechanism,large,f_only,2.5,joint,c_z,5,,-1.293599386226287,,,3.9187471493522708,0.6259052015861714,,,,1.0,0.0,914.0,,,,
s3_mechanism,large,f_only,2.5,joint,g_s,5,-0.3,-0.3277432674848787,1.0,-0.027743267484878698,1.9565712045218067,0.9370818489075502,0.0,2.86210235974056,,1.0,0.0,914.0,,,,
s3_mechanism,large,f_only,2.5,joint,g_vt,5,-1.25,-2.013687563334217,0.2,-0.763687563334217,1.5662679893710165,0.9598982680867655,0.0,1.6109500506673737,,1.0,0.0,914.0,,,,
s3_mechanism,large,f_only,2.5,joint,g_z,5,-0.4330127018922193,-0.047389927940159636,0.8,0.3856227739520596,5.6863421931004945,0.259505082244002,1.0,7.248549572956453,,1.0,0.0,914.0,,,,
s3_mechanism,large,oracle,1.0,oracle,b_f,20,,0.06267473012499433,,,0.1843902216497967,0.9968313432250528,,,,0.0,0.0,456.1,,,,
s3_mechanism,large,oracle,1.0,oracle,b_m,20,0.0,-0.07017174538859713,0.85,-0.07017174538859713,0.33958056815649107,0.9892657085488066,,,0.15,0.0,0.0,456.1,,,,
s3_mechanism,large,oracle,1.0,oracle,b_vt,20,,-1.4881482749180135,,,0.18822878497547102,0.9966781599366314,,,,0.0,0.0,456.1,,,,
s3_mechanism,large,oracle,1.0,oracle,b_z,20,,-2.572406822519043,,,0.21187596620491328,0.9958015549202812,,,,0.0,0.0,456.1,,,,
s3_mechanism,small,e_r50,1.0,joint,b_f,20,,-0.015544069390157919,,,0.7068823093936445,0.9527568403153222,,,,0.35,0.65,483.0,,0.047837934390164066,0.6,0.8
s3_mechanism,small,e_r50,1.0,joint,b_m,20,0.0,-0.43665057612955477,0.7,-0.43665057612955477,1.3122044607148289,0.8403541259708204,,,0.3,0.35,0.65,483.0,,-0.11111413452532112,0.85,0.85
s3_mechanism,small,e_r50,1.0,joint,b_vt,20,,-1.2405989863397204,,,0.6261222222485896,0.9635694385768083,,,,0.35,0.65,483.0,,-1.2536297709665483,1.0,0.9
s3_mechanism,small,e_r50,1.0,joint,b_z,20,,-2.0567571178449358,,,0.6526792242869006,0.9595071105190776,,,,0.35,0.65,483.0,,-2.141955583396071,1.0,0.95
s3_mechanism,small,e_r50,1.0,joint,c_z,20,,-2.044603293469259,,,0.5746637756222637,0.968749409599811,,,,0.35,0.65,483.0,,,,
s3_mechanism,small,e_r50,1.0,joint,g_s,20,-0.3,-0.3052325042411505,0.95,-0.005232504241150539,0.8295994618115659,0.9357281265055543,0.0,1.7934777726923614,,0.35,0.65,483.0,,,,
s3_mechanism,small,e_r50,1.0,joint,g_vt,20,-1.25,-1.2305944771830624,0.95,0.01940552281693749,0.7021811960886095,0.9534803403562334,0.0,0.9844755817464501,,0.35,0.65,483.0,,,,
s3_mechanism,small,e_r50,1.0,joint,g_z,20,-0.4330127018922193,-0.6245670979372789,0.85,-0.19155439604505967,0.7978400318094012,0.9404139057431117,0.0,1.580072943089052,,0.35,0.65,483.0,,,,
s3_mechanism,small,e_r80,1.0,joint,b_f,20,,0.021713042324142517,,,0.4807542691254964,0.9783887497615404,,,,0.0,0.9,452.85,,0.047837934390164066,0.7,0.9
s3_mechanism,small,e_r80,1.0,joint,b_m,20,0.0,-0.23367424581945118,0.8,-0.23367424581945118,0.906453851646653,0.9233346984192673,,,0.2,0.0,0.9,452.85,,-0.11111413452532112,0.7,0.95
s3_mechanism,small,e_r80,1.0,joint,b_vt,20,,-1.2413494090888775,,,0.5445560745233438,0.9724173102786257,,,,0.0,0.9,452.85,,-1.2536297709665483,1.0,0.95
s3_mechanism,small,e_r80,1.0,joint,b_z,20,,-2.114011381624722,,,0.510330321787068,0.9754861503800463,,,,0.0,0.9,452.85,,-2.141955583396071,1.0,1.0
s3_mechanism,small,e_r80,1.0,joint,c_z,20,,-2.1023581086818215,,,0.47933293321969206,0.9784780380161546,,,,0.0,0.9,452.85,,,,
s3_mechanism,small,e_r80,1.0,joint,g_s,20,-0.3,-0.29991282137389,0.95,8.717862610995996e-05,0.8148474589859817,0.9374889987259131,0.0,1.750937031668021,,0.0,0.9,452.85,,,,
s3_mechanism,small,e_r80,1.0,joint,g_vt,20,-1.25,-1.2135475203582171,0.95,0.03645247964178296,0.6874882071378432,0.9555104702763224,0.0,0.9708380162865737,,0.0,0.9,452.85,,,,
s3_mechanism,small,e_r80,1.0,joint,g_z,20,-0.4330127018922193,-0.5209835143903645,0.9,-0.08797081249814523,0.6084585693979296,0.9658558355683582,0.0,1.3173932742799002,,0.0,0.9,452.85,,,,
s3_mechanism,small,f_only,1.0,joint,b_f,5,,-0.6613409480440108,,,1.7711785283239263,0.6904654113550728,,,,1.0,0.0,924.0,2.9532319629244688,0.031623344275324664,0.2,0.4
s3_mechanism,small,f_only,1.0,joint,b_m,5,0.0,-1.2125839687963957,0.4,-1.2125839687963957,2.2732962131552936,0.5208099452749817,,,0.6,1.0,0.0,924.0,4.568586165029653,-0.05568434215088365,0.6,0.8
s3_mechanism,small,f_only,1.0,joint,b_vt,5,,-0.9856737407581964,,,0.9320984874392794,0.9169220449540306,,,,1.0,0.0,924.0,2.4168154363376795,-1.2703491143841927,1.0,0.4
s3_mechanism,small,f_only,1.0,joint,b_z,5,,-0.5960601703351589,,,3.2413999106919817,-0.2790865281560483,,,,1.0,0.0,924.0,1.7561586443452328,-2.1812107033065216,0.6,0.4
s3_mechanism,small,f_only,1.0,joint,c_z,5,,-0.7299335640751542,,,2.8585190622629946,-0.027744070840862656,,,,1.0,0.0,924.0,1.7166967279834875,,,
s3_mechanism,small,f_only,1.0,joint,g_s,5,-0.3,-0.4550707022480939,1.0,-0.15507070224809386,0.9535034608633218,0.9139095872365365,0.0,1.8467196709650766,,1.0,0.0,924.0,0.9380372881118539,,,
s3_mechanism,small,f_only,1.0,joint,g_vt,5,-1.25,-1.314617286051415,1.0,-0.06461728605141484,0.8432581071897408,0.9313385344255523,0.0,1.051693828841132,,1.0,0.0,924.0,2.239266982919303,,,
s3_mechanism,small,f_only,1.0,joint,g_z,5,-0.4330127018922193,-0.45123430916798135,1.0,-0.018221607275762032,2.5867098300245543,0.3067849421657211,0.0,2.738582549155331,,1.0,0.0,924.0,1.8789560167997312,,,
s3_mechanism,small,f_only,2.5,joint,b_f,5,,-0.7117428479396785,,,5.999171895261356,0.200740459349431,,,,1.0,0.0,796.2,,0.031623344275324664,0.2,0.4
s3_mechanism,small,f_only,2.5,joint,b_m,5,0.0,-4.34991462255403,0.0,-4.34991462255403,4.637724572871697,0.6651145303983088,,,1.0,1.0,0.0,796.2,,-0.05568434215088365,0.6,0.0
s3_mechanism,small,f_only,2.5,joint,b_vt,5,,-1.4417771036875806,,,2.641947857567791,0.8491894292220584,,,,1.0,0.0,796.2,,-1.2703491143841927,0.8,0.8
s3_mechanism,small,f_only,2.5,joint,b_z,5,,-0.39956339446131867,,,8.367966533559002,-0.5991488294481229,,,,1.0,0.0,796.2,,-2.1812107033065216,0.6,1.0
s3_mechanism,small,f_only,2.5,joint,c_z,5,,-0.47362598338437445,,,4.995080007614904,0.4821074405742339,,,,1.0,0.0,796.2,,,,
s3_mechanism,small,f_only,2.5,joint,g_s,5,-0.3,-0.7306007721772193,1.0,-0.4306007721772193,1.6855004231921822,0.9563250311956049,0.0,3.1763112812834895,,1.0,0.0,796.2,,,,
s3_mechanism,small,f_only,2.5,joint,g_vt,5,-1.25,-1.8975107016811272,0.8,-0.6475107016811272,1.7841062624642088,0.950477885828046,0.0,1.5180085613449017,,1.0,0.0,796.2,,,,
s3_mechanism,small,f_only,2.5,joint,g_z,5,-0.4330127018922193,0.1659836492542614,1.0,0.5989963511464806,7.294497043478731,-0.009553878556717677,,,,1.0,0.0,796.2,,,,
s3_mechanism,small,oracle,1.0,oracle,b_f,20,,0.047837934390164066,,,0.25059485118878344,0.9941220892283932,,,,0.0,0.0,433.7,,,,
s3_mechanism,small,oracle,1.0,oracle,b_m,20,0.0,-0.11111413452532112,0.85,-0.11111413452532112,0.44786912331546647,0.9813353444190371,,,0.15,0.0,0.0,433.7,,,,
s3_mechanism,small,oracle,1.0,oracle,b_vt,20,,-1.2536297709665483,,,0.25517741627287654,0.9939208619580621,,,,0.0,0.0,433.7,,,,
s3_mechanism,small,oracle,1.0,oracle,b_z,20,,-2.141955583396071,,,0.27276427481683824,0.9930801949723198,,,,0.0,0.0,433.7,,,,
