scenario,size,indicator,prior_scale,model,coef,fits,truth,mean,coverage,bias,width,contraction,sign_error,exaggeration,false_exclusion,flagged,seconds,prior_shift,oracle_mean,oracle_sign_agree,oracle_in_interval
s1_recovery,large,e_r50,1.0,joint,b_f,1,0.3,0.308486388505519,1.0,0.008486388505519027,0.1915791140130398,0.9966247503639178,0.0,1.0282879616850635,,1.0,108.4,,,,
s1_recovery,large,e_r50,1.0,joint,b_m,1,0.0,0.0742157990422705,1.0,0.0742157990422705,0.312429662879902,0.9910219111078015,,,0.0,1.0,108.4,,,,
s1_recovery,large,e_r50,1.0,joint,b_vt,1,-0.65,-0.6398720660262605,1.0,0.010127933973739567,0.14908064366710472,0.997958139532783,0.0,0.9844185631173238,,1.0,108.4,,,,
s1_recovery,large,e_r50,1.0,joint,b_z,1,-0.2598076211353315,-0.2818329378488992,1.0,-0.022025316713567666,0.20885577839898017,0.9958597421074515,0.0,1.0847754835571004,,1.0,108.4,,,,
s1_recovery,large,e_r50,1.0,joint,c_z,1,-0.1558845726811989,-0.1546009573989699,1.0,0.001283615282229006,0.16558870819895338,0.9974758238817181,0.0,0.991765604125213,,1.0,108.4,,,,
s1_recovery,large,e_r50,1.0,joint,g_s,1,-0.3,-0.6497645889402934,1.0,-0.34976458894029344,0.8050416556320863,0.9399917357798571,0.0,2.1658819631343116,,1.0,108.4,,,,
s1_recovery,large,e_r50,1.0,joint,g_vt,1,-1.25,-1.330982180987144,1.0,-0.08098218098714405,0.7335803710354148,0.9490500637269117,0.0,1.0647857447897153,,1.0,108.4,,,,
s1_recovery,large,e_r50,1.0,joint,g_z,1,-0.4330127018922193,-0.1558391934918482,1.0,0.27717350840037114,0.7887967748430584,0.9436838519244022,,,,1.0,108.4,,,,
s1_recovery,large,e_r80,1.0,joint,b_f,1,0.3,0.3062552884028325,1.0,0.006255288402832515,0.1524919611523805,0.9979479988156162,0.0,1.020850961342775,,0.0,94.8,,,,
s1_recovery,large,e_r80,1.0,joint,b_m,1,0.0,0.0564359074117269,1.0,0.0564359074117269,0.291202016871988,0.9922893024588026,,,0.0,0.0,94.8,,,,
s1_recovery,large,e_r80,1.0,joint,b_vt,1,-0.65,-0.6394450190622488,1.0,0.010554980937751202,0.13831261763414104,0.9981803073879394,0.0,0.9837615677880751,,0.0,94.8,,,,
s1_recovery,large,e_r80,1.0,joint,b_z,1,-0.2598076211353315,-0.2881286742719262,1.0,-0.028321053136594665,0.14932239979705128,0.9980266138061129,0.0,1.1090077843476442,,0.0,94.8,,,,
s1_recovery,large,e_r80,1.0,joint,c_z,1,-0.1558845726811989,-0.1697274963328699,1.0,-0.013842923651671002,0.12474265511226,0.9985458182401324,0.0,1.0888023966295965,,0.0,94.8,,,,
s1_recovery,large,e_r80,1.0,joint,g_s,1,-0.3,-0.6469689994271834,1.0,-0.34696899942718346,0.7984775189496232,0.9390914755821232,0.0,2.156563331423945,,0.0,94.8,,,,
s1_recovery,large,e_r80,1.0,joint,g_vt,1,-1.25,-1.3166895103514964,1.0,-0.0666895103514964,0.7509720009636155,0.9462616349623666,0.0,1.0533516082811971,,0.0,94.8,,,,
s1_recovery,large,e_r80,1.0,joint,g_z,1,-0.4330127018922193,-0.1751729066996035,1.0,0.2578397951926158,0.5826597336755338,0.968377791161801,,,,0.0,94.8,,,,
s1_recovery,large,f_only,1.0,joint,b_f,1,0.3,0.397292541775721,1.0,0.097292541775721,0.7228937294675298,0.9402520684811042,0.0,1.3243084725857366,,1.0,115.9,0.5239501485097511,,,
s1_recovery,large,f_only,1.0,joint,b_m,1,0.0,0.3169402740586583,1.0,0.3169402740586583,1.2051215528099704,0.8736079113613356,,,0.0,1.0,115.9,0.8801119008193313,,,
s1_recovery,large,f_only,1.0,joint,b_vt,1,-0.65,-0.6506699589360287,1.0,-0.000669958936028725,0.2795965106063726,0.9926014030465845,0.0,1.0010307060554289,,1.0,115.9,0.08852326095120136,,,
s1_recovery,large,f_only,1.0,joint,b_z,1,-0.2598076211353315,-0.4053839770167569,1.0,-0.14557635588142537,0.7822198699234649,0.9351614132083861,0.0,1.5603236550385715,,1.0,115.9,0.10154871759454498,,,
s1_recovery,large,f_only,1.0,joint,c_z,1,-0.1558845726811989,-0.1842809682623279,1.0,-0.028396395581128997,0.5935744472625442,0.9599557926986235,,,,1.0,115.9,0.7310156012679071,,,
s1_recovery,large,f_only,1.0,joint,g_s,1,-0.3,-0.6881933200943001,0.0,-0.38819332009430013,0.8232401734844337,0.9330537535974264,0.0,2.293977733647667,,1.0,115.9,1.3775585708655855,,,
s1_recovery,large,f_only,1.0,joint,g_vt,1,-1.25,-1.4078330455375383,1.0,-0.1578330455375383,0.9099146091077808,0.9233366222874545,0.0,1.1262664364300305,,1.0,115.9,1.7814669206012699,,,
s1_recovery,large,f_only,1.0,joint,g_z,1,-0.4330127018922193,0.4869916150580307,1.0,0.92000431695025,2.4401318548947026,0.4349348320096228,,,,1.0,115.9,1.2935387804533611,,,
s1_recovery,large,f_only,2.5,joint,b_f,1,0.3,0.5253637200347899,1.0,0.22536372003478994,0.9305297854225874,0.9868740041586812,0.0,1.7512124001159666,,1.0,829.6,,,,
s1_recovery,large,f_only,2.5,joint,b_m,1,0.0,0.6298347089248004,1.0,0.6298347089248004,1.4243238831331626,0.9694945809489215,,,0.0,1.0,829.6,,,,
s1_recovery,large,f_only,2.5,joint,b_vt,1,-0.65,-0.6582842958348557,1.0,-0.008284295834855682,0.29272441331355714,0.9986643417049926,0.0,1.0127450705151626,,1.0,829.6,,,,
s1_recovery,large,f_only,2.5,joint,b_z,1,-0.2598076211353315,-0.4312417556722882,1.0,-0.17143413453695666,0.9448304549549752,0.9864315392534845,,,,1.0,829.6,,,,
s1_recovery,large,f_only,2.5,joint,c_z,1,-0.1558845726811989,-0.0379970797510106,1.0,0.1178874929301883,0.549037731526249,0.99462827433097,,,,1.0,829.6,,,,
s1_recovery,large,f_only,2.5,joint,g_s,1,-0.3,-1.044622448844999,0.0,-0.7446224488449991,1.3346598571649673,0.9721768717231435,0.0,3.4820748294833304,,1.0,829.6,,,,
s1_recovery,large,f_only,2.5,joint,g_vt,1,-1.25,-1.9010883194745976,1.0,-0.6510883194745976,1.5601620031074068,0.9629370383599823,0.0,1.520870655579678,,1.0,829.6,,,,
s1_recovery,large,f_only,2.5,joint,g_z,1,-0.4330127018922193,1.4593552803599592,0.0,1.8923679822521784,2.681324641625427,0.8855280411139292,1.0,3.370236655836497,,1.0,829.6,,,,
s1_recovery,small,e_r50,1.0,joint,b_f,1,0.3,0.2957339632876899,1.0,-0.004266036712310073,0.2678313955520564,0.9934391079318023,0.0,0.9857798776256331,,0.0,79.9,,,,
s1_recovery,small,e_r50,1.0,joint,b_m,1,0.0,-0.2807293603625568,0.0,-0.2807293603625568,0.5157176929333489,0.97562614635038,,,1.0,0.0,79.9,,,,
s1_recovery,small,e_r50,1.0,joint,b_vt,1,-0.65,-0.6658173955899872,1.0,-0.015817395589987182,0.21893792028667536,0.9954647313867675,0.0,1.0243344547538265,,0.0,79.9,,,,
s1_recovery,small,e_r50,1.0,joint,b_z,1,-0.2598076211353315,-0.3006233507885026,1.0,-0.040815729653171096,0.28857496192586674,0.9922419653325607,0.0,1.157099816682862,,0.0,79.9,,,,
s1_recovery,small,e_r50,1.0,joint,c_z,1,-0.1558845726811989,-0.2030448006511107,1.0,-0.04716022796991179,0.2550191807186044,0.9940136280897529,0.0,1.30253300348303,,0.0,79.9,,,,
s1_recovery,small,e_r50,1.0,joint,g_s,1,-0.3,-0.3797992806215751,1.0,-0.0797992806215751,0.736792510362244,0.9482323798453298,0.0,1.265997602071917,,0.0,79.9,,,,
s1_recovery,small,e_r50,1.0,joint,g_vt,1,-1.25,-0.978763202400622,1.0,0.271236797599378,0.6045058432328212,0.9672384910253834,0.0,0.7830105619204976,,0.0,79.9,,,,
s1_recovery,small,e_r50,1.0,joint,g_z,1,-0.4330127018922193,-0.3865243297148887,1.0,0.046488372177330595,0.7304256052731468,0.9501981677374445,0.0,0.8926397032369227,,0.0,79.9,,,,
s1_recovery,small,e_r80,1.0,joint,b_f,1,0.3,0.3060755582117924,1.0,0.006075558211792398,0.24060636042391517,0.994814838535262,0.0,1.0202518607059747,,0.0,85.9,,,,
s1_recovery,small,e_r80,1.0,joint,b_m,1,0.0,-0.2729115499910797,0.0,-0.2729115499910797,0.4930820857095903,0.977833818085702,,,1.0,0.0,85.9,,,,
s1_recovery,small,e_r80,1.0,joint,b_vt,1,-0.65,-0.6682419420575725,1.0,-0.018241942057572458,0.21573992534507458,0.9956265086249038,0.0,1.028064526242419,,0.0,85.9,,,,
s1_recovery,small,e_r80,1.0,joint,b_z,1,-0.2598076211353315,-0.3154190202951749,1.0,-0.05561139915984337,0.2226304860470609,0.9953203388473915,0.0,1.2140483751663154,,0.0,85.9,,,,
s1_recovery,small,e_r80,1.0,joint,c_z,1,-0.1558845726811989,-0.214105894349516,1.0,-0.05822132166831709,0.20382456707299634,0.996148945734795,0.0,1.3734899526419853,,0.0,85.9,,,,
s1_recovery,small,e_r80,1.0,joint,g_s,1,-0.3,-0.3792197474091937,1.0,-0.07921974740919369,0.7366362931154611,0.9494933543452219,0.0,1.2640658246973122,,0.0,85.9,,,,
s1_recovery,small,e_r80,1.0,joint,g_vt,1,-1.25,-0.9696101400389764,1.0,0.2803898599610236,0.5869309310370394,0.9682368449016452,0.0,0.7756881120311812,,0.0,85.9,,,,
s1_recovery,small,e_r80,1.0,joint,g_z,1,-0.4330127018922193,-0.3627554631572092,1.0,0.07025723873501011,0.5508094631386643,0.9717181784277087,0.0,0.8377478572152884,,0.0,85.9,,,,
s1_recovery,small,f_only,1.0,joint,b_f,1,0.3,0.1063270228705528,1.0,-0.1936729771294472,1.0689171682663574,0.9048082597303257,,,,1.0,379.6,0.420762948937198,,,
s1_recovery,small,f_only,1.0,joint,b_m,1,0.0,-0.1381293150752699,1.0,-0.1381293150752699,1.3581271782036057,0.8364073780960587,,,0.0,1.0,379.6,1.1626795364371754,,,
s1_recovery,small,f_only,1.0,joint,b_vt,1,-0.65,-0.5651949334522556,1.0,0.08480506654774445,0.46949949458391466,0.98007134509068,0.0,0.869530666849624,,1.0,379.6,0.016819885985083726,,,
s1_recovery,small,f_only,1.0,joint,b_z,1,-0.2598076211353315,0.0472076010314424,1.0,0.3070152221667739,1.5592505981961322,0.7410880209542784,,,,1.0,379.6,0.49667778126984946,,,
s1_recovery,small,f_only,1.0,joint,c_z,1,-0.1558845726811989,0.0771067975316485,1.0,0.23299137021284738,1.30450707186999,0.8333226966395381,,,,1.0,379.6,0.4246459465302704,,,
s1_recovery,small,f_only,1.0,joint,g_s,1,-0.3,-0.4379413627826886,1.0,-0.1379413627826886,0.803232953803309,0.9388630914076554,0.0,1.459804542608962,,1.0,379.6,1.2901654410265475,,,
s1_recovery,small,f_only,1.0,joint,g_vt,1,-1.25,-1.0707771026014117,1.0,0.17922289739858832,0.7405902622081911,0.9473085464672254,0.0,0.8566216820811293,,1.0,379.6,2.2938888984165806,,,
s1_recovery,small,f_only,1.0,joint,g_z,1,-0.4330127018922193,-0.1306786379413508,1.0,0.3023340639508685,3.1910290439431233,0.06501005570533969,,,,1.0,379.6,1.699879756645307,,,
s1_recovery,small,f_only,2.5,joint,b_f,1,0.3,-0.0234916375792118,1.0,-0.3234916375792118,1.0145850000548837,0.9841612053516807,,,,1.0,131.2,,,,
s1_recovery,small,f_only,2.5,joint,b_m,1,0.0,-0.6083934793094116,1.0,-0.6083934793094116,2.7792936219327125,0.8661351201452477,,,0.0,1.0,131.2,,,,
s1_recovery,small,f_only,2.5,joint,b_vt,1,-0.65,-0.5675693780512792,1.0,0.08243062194872086,0.37508165507441027,0.9977720722969069,0.0,0.8731836585404295,,1.0,131.2,,,,
s1_recovery,small,f_only,2.5,joint,b_z,1,-0.2598076211353315,0.2999341136537697,1.0,0.5597417347891012,1.7399218208503515,0.9450980012435019,,,,1.0,131.2,,,,
s1_recovery,small,f_only,2.5,joint,c_z,1,-0.1558845726811989,0.2504733111298164,1.0,0.40635788381101534,1.490091679292155,0.9602741320533363,,,,1.0,131.2,,,,
s1_recovery,small,f_only,2.5,joint,g_s,1,-0.3,-0.7569461069612191,1.0,-0.4569461069612191,1.4131724242039172,0.9687220324853077,0.0,2.5231536898707305,,1.0,131.2,,,,
s1_recovery,small,f_only,2.5,joint,g_vt,1,-1.25,-1.597330560461879,1.0,-0.34733056046187905,1.7221372235290264,0.9548824066915366,0.0,1.2778644483695032,,1.0,131.2,,,,
s1_recovery,small,f_only,2.5,joint,g_z,1,-0.4330127018922193,1.5130180199053962,1.0,1.9460307217976154,6.860288335981366,0.3456051831721484,,,,1.0,131.2,,,,
s2_register,large,e_r50,1.0,joint,b_f,1,0.3,0.0747947869096307,0.0,-0.22520521309036928,0.1451999688386904,0.9980015344724082,0.0,0.2493159563654357,,1.0,100.8,,,,
s2_register,large,e_r50,1.0,joint,b_m,1,0.0,0.2025587422392112,0.0,0.2025587422392112,0.35068078151742893,0.9883051940339361,,,1.0,1.0,100.8,,,,
s2_register,large,e_r50,1.0,joint,b_vt,1,-0.5,-0.3970755512691079,0.0,0.10292444873089213,0.139407367977394,0.9981884591017662,0.0,0.7941511025382157,,1.0,100.8,,,,
s2_register,large,e_r50,1.0,joint,b_z,1,0.0,-0.0025696209440427,1.0,-0.0025696209440427,0.20691139839973338,0.9960785066529452,,,0.0,1.0,100.8,,,,
s2_register,large,e_r50,1.0,joint,c_z,1,0.1039230484541326,0.0337630268082902,1.0,-0.0701600216458424,0.1710274109646529,0.997356984038924,,,,1.0,100.8,,,,
s2_register,large,e_r50,1.0,joint,g_s,1,-0.3,-0.0471262861445231,1.0,0.2528737138554769,0.784524215242024,0.942238426945547,,,,1.0,100.8,,,,
s2_register,large,e_r50,1.0,joint,g_vt,1,-1.25,-0.7841469070773899,0.0,0.4658530929226101,0.5831811224391326,0.9675447360249432,0.0,0.6273175256619119,,1.0,100.8,,,,
s2_register,large,e_r50,1.0,joint,g_z,1,-0.4330127018922193,-0.436201808761819,1.0,-0.0031891068695997227,0.7914223053368281,0.9433210958084218,0.0,1.0073649268385516,,1.0,100.8,,,,
s2_register,large,e_r80,1.0,joint,b_f,1,0.3,0.0598288946387417,0.0,-0.2401711053612583,0.1280993079093831,0.9984733534279203,,,,0.0,85.4,,,,
s2_register,large,e_r80,1.0,joint,b_m,1,0.0,0.1978968115108883,0.0,0.1978968115108883,0.3618947282123141,0.9876075012351737,,,1.0,0.0,85.4,,,,
s2_register,large,e_r80,1.0,joint,b_vt,1,-0.5,-0.3906136803823275,0.0,0.10938631961767248,0.13213413456249018,0.99838017983216,0.0,0.781227360764655,,0.0,85.4,,,,
s2_register,large,e_r80,1.0,joint,b_z,1,0.0,0.031921442836466,1.0,0.031921442836466,0.1494218346867613,0.9979630902322549,,,0.0,0.0,85.4,,,,
s2_register,large,e_r80,1.0,joint,c_z,1,0.1039230484541326,0.0589089662878271,1.0,-0.045014082166305494,0.1318515460023137,0.9983814190458514,,,,0.0,85.4,,,,
s2_register,large,e_r80,1.0,joint,g_s,1,-0.3,-0.0388296663401761,1.0,0.2611703336598239,0.7746274992041058,0.942694712053811,,,,0.0,85.4,,,,
s2_register,large,e_r80,1.0,joint,g_vt,1,-1.25,-0.7795048800346503,0.0,0.47049511996534965,0.5654273330662225,0.9690820074409554,0.0,0.6236039040277203,,0.0,85.4,,,,
s2_register,large,e_r80,1.0,joint,g_z,1,-0.4330127018922193,-0.414955648007955,1.0,0.018057053884264318,0.6045928303274728,0.9669886190008937,0.0,0.9582990203165936,,0.0,85.4,,,,
s2_register,large,f_only,1.0,joint,b_f,1,0.3,0.1063493318318686,1.0,-0.1936506681681314,0.4562156989449929,0.9787906355346706,,,,1.0,198.8,0.7872659726564257,,,
s2_register,large,f_only,1.0,joint,b_m,1,0.0,0.2465476798565455,1.0,0.2465476798565455,1.026419984204193,0.9080530461923642,,,0.0,1.0,198.8,0.8736821258759542,,,
s2_register,large,f_only,1.0,joint,b_vt,1,-0.5,-0.4088263643540938,1.0,0.09117363564590619,0.24580140273627266,0.9938764055264024,0.0,0.8176527287081876,,1.0,198.8,0.4275231426380681,,,
s2_register,large,f_only,1.0,joint,b_z,1,0.0,-0.1790012779904618,1.0,-0.1790012779904618,1.0816865221788956,0.8620031762096341,,,0.0,1.0,198.8,0.8896603984464866,,,
s2_register,large,f_only,1.0,joint,c_z,1,0.1039230484541326,-0.1376784266167299,1.0,-0.2416014750708625,0.9850511504304922,0.8876899099031875,,,,1.0,198.8,0.7787603683973474,,,
s2_register,large,f_only,1.0,joint,g_s,1,-0.3,-0.0256994339199049,1.0,0.27430056608009507,0.8223553485069526,0.9366371373250558,,,,1.0,198.8,0.5382490997066406,,,
s2_register,large,f_only,1.0,joint,g_vt,1,-1.25,-0.8085281672558353,0.0,0.4414718327441647,0.6463399354569717,0.9605425541952383,0.0,0.6468225338046683,,1.0,198.8,1.3431437389442198,,,
s2_register,large,f_only,1.0,joint,g_z,1,-0.4330127018922193,-0.1160467664772647,1.0,0.3169659354149546,2.655780201737511,0.33381293114462696,,,,1.0,198.8,1.4360485024387848,,,
s2_register,large,f_only,2.5,joint,b_f,1,0.3,-0.0083036379012979,1.0,-0.3083036379012979,0.8453025568442544,0.9905878741567513,,,,1.0,245.5,,,,
s2_register,large,f_only,2.5,joint,b_m,1,0.0,-0.0183768203451348,1.0,-0.0183768203451348,2.391137756523081,0.9210261290511947,,,0.0,1.0,245.5,,,,
s2_register,large,f_only,2.5,joint,b_vt,1,-0.5,-0.3753712252408463,1.0,0.12462877475915368,0.29596705662285167,0.9987556773820766,0.0,0.7507424504816926,,1.0,245.5,,,,
s2_register,large,f_only,2.5,joint,b_z,1,0.0,0.1514890883347892,1.0,0.1514890883347892,1.3590963127163609,0.9710117758650797,,,0.0,1.0,245.5,,,,
s2_register,large,f_only,2.5,joint,c_z,1,0.1039230484541326,0.1233051807355541,1.0,0.019382132281421507,0.9584142811731118,0.9861935388422682,,,,1.0,245.5,,,,
s2_register,large,f_only,2.5,joint,g_s,1,-0.3,-0.1611873949542964,1.0,0.13881260504570359,1.30378838510434,0.9730778244554166,,,,1.0,245.5,,,,
s2_register,large,f_only,2.5,joint,g_vt,1,-1.25,-1.075328874385446,1.0,0.1746711256145539,1.1897646883905617,0.9776068260826267,0.0,0.8602630995083569,,1.0,245.5,,,,
s2_register,large,f_only,2.5,joint,g_z,1,-0.4330127018922193,1.0560600932846262,1.0,1.4890727951768454,5.774997826274863,0.4981791609135364,,,,1.0,245.5,,,,
s2_register,small,e_r50,1.0,joint,b_f,1,0.3,-0.002311286964625,0.0,-0.302311286964625,0.2426509639461359,0.9945909404897099,,,,0.0,79.3,,,,
s2_register,small,e_r50,1.0,joint,b_m,1,0.0,0.2270271816098965,1.0,0.2270271816098965,0.4994128287777412,0.9769602206958862,,,0.0,0.0,79.3,,,,
s2_register,small,e_r50,1.0,joint,b_vt,1,-0.5,-0.3015383634860906,0.0,0.1984616365139094,0.2078530243037188,0.9959292376609418,0.0,0.6030767269721812,,0.0,79.3,,,,
s2_register,small,e_r50,1.0,joint,b_z,1,0.0,0.0791096970644164,1.0,0.0791096970644164,0.3141378351559384,0.9907559808772892,,,0.0,0.0,79.3,,,,
s2_register,small,e_r50,1.0,joint,c_z,1,0.1039230484541326,0.0778173653615501,1.0,-0.026105683092582502,0.2567775066945031,0.9936019500563888,,,,0.0,79.3,,,,
s2_register,small,e_r50,1.0,joint,g_s,1,-0.3,-0.4358469716458359,1.0,-0.13584697164583592,0.8194925292317575,0.93499620780076,0.0,1.452823238819453,,0.0,79.3,,,,
s2_register,small,e_r50,1.0,joint,g_vt,1,-1.25,-1.098541116885837,1.0,0.151458883114163,0.6828907207932104,0.9552114746526211,0.0,0.8788328935086696,,0.0,79.3,,,,
s2_register,small,e_r50,1.0,joint,g_z,1,-0.4330127018922193,-0.7661219712109353,1.0,-0.333109269318716,0.8843019801711733,0.9276593374167377,0.0,1.769282905242881,,0.0,79.3,,,,
s2_register,small,e_r80,1.0,joint,b_f,1,0.3,-0.0038899462409878,0.0,-0.3038899462409878,0.2067270079344464,0.9960557599707013,,,,0.0,77.0,,,,
s2_register,small,e_r80,1.0,joint,b_m,1,0.0,0.2344419004426727,1.0,0.2344419004426727,0.4884098335445762,0.9775243118764494,,,0.0,0.0,77.0,,,,
s2_register,small,e_r80,1.0,joint,b_vt,1,-0.5,-0.2991196219239146,0.0,0.2008803780760854,0.20611293450209597,0.996072160512058,0.0,0.5982392438478292,,0.0,77.0,,,,
s2_register,small,e_r80,1.0,joint,b_z,1,0.0,0.0986246161900838,1.0,0.0986246161900838,0.2254831526867881,0.9954348284550709,,,0.0,0.0,77.0,,,,
s2_register,small,e_r80,1.0,joint,c_z,1,0.1039230484541326,0.0971460688897254,1.0,-0.00677697956440719,0.20161889406337738,0.9962570918254019,,,,0.0,77.0,,,,
s2_register,small,e_r80,1.0,joint,g_s,1,-0.3,-0.4242395778398793,1.0,-0.12423957783987932,0.8303098667962229,0.9364345791586842,0.0,1.414131926132931,,0.0,77.0,,,,
s2_register,small,e_r80,1.0,joint,g_vt,1,-1.25,-1.08387886595519,1.0,0.1661211340448101,0.6778639384839932,0.957717397792538,0.0,0.8671030927641519,,0.0,77.0,,,,
s2_register,small,e_r80,1.0,joint,g_z,1,-0.4330127018922193,-0.6813789521083865,1.0,-0.2483662502161672,0.6145425674705718,0.9654164188143058,0.0,1.5735772856796884,,0.0,77.0,,,,
s2_register,small,f_only,1.0,joint,b_f,1,0.3,-0.098750598911501,1.0,-0.398750598911501,0.9773282819849993,0.9164113616574698,,,,1.0,232.3,0.5506115959428077,,,
s2_register,small,f_only,1.0,joint,b_m,1,0.0,0.028190730644873,1.0,0.028190730644873,1.4505431521836667,0.7924253356460161,,,0.0,1.0,232.3,1.3464794230689967,,,
s2_register,small,f_only,1.0,joint,b_vt,1,-0.5,-0.2786078743902242,0.0,0.22139212560977578,0.40495755889683427,0.984325900686108,0.0,0.5572157487804484,,1.0,232.3,0.10714534689082897,,,
s2_register,small,f_only,1.0,joint,b_z,1,0.0,0.1967498705103378,1.0,0.1967498705103378,1.2888653887899624,0.8454314246469843,,,0.0,1.0,232.3,0.5011399378589436,,,
s2_register,small,f_only,1.0,joint,c_z,1,0.1039230484541326,0.1207497553296102,1.0,0.016826706875477604,0.9451710382503848,0.9298561058128889,,,,1.0,232.3,0.27803616054484054,,,
s2_register,small,f_only,1.0,joint,g_s,1,-0.3,-0.5089251386681076,1.0,-0.20892513866810764,0.9035835326412792,0.924693618193682,0.0,1.6964171288936922,,1.0,232.3,1.0973584638665161,,,
s2_register,small,f_only,1.0,joint,g_vt,1,-1.25,-1.1121941035993514,1.0,0.13780589640064855,0.749960522284133,0.9444045489986892,0.0,0.8897552828794811,,1.0,232.3,2.0874206338216825,,,
s2_register,small,f_only,1.0,joint,g_z,1,-0.4330127018922193,-0.0347259351022952,1.0,0.3982867667899241,2.841183880750351,0.221427548120388,,,,1.0,232.3,1.8741812718443251,,,
s2_register,small,f_only,2.5,joint,b_f,1,0.3,-0.2579417704135492,0.0,-0.5579417704135492,1.1376270728290052,0.979087352555886,,,,1.0,80.1,,,,
s2_register,small,f_only,2.5,joint,b_m,1,0.0,-0.5852701773268488,1.0,-0.5852701773268488,2.9659719894659813,0.8657576420562199,,,0.0,1.0,80.1,,,,
s2_register,small,f_only,2.5,joint,b_vt,1,-0.5,-0.2651936794820625,0.0,0.23480632051793748,0.37483073298799885,0.9977582468496665,0.0,0.530387358964125,,1.0,80.1,,,,
s2_register,small,f_only,2.5,joint,b_z,1,0.0,0.3937740905050466,1.0,0.3937740905050466,1.632696361628926,0.9614835240061093,,,0.0,1.0,80.1,,,,
s2_register,small,f_only,2.5,joint,c_z,1,0.1039230484541326,0.1943867777538735,1.0,0.0904637292997409,0.9824346941630208,0.9865622150994132,,,,1.0,80.1,,,,
s2_register,small,f_only,2.5,joint,g_s,1,-0.3,-0.8100623391083782,1.0,-0.5100623391083783,1.4460816228115827,0.968924308815481,0.0,2.7002077970279275,,1.0,80.1,,,,
s2_register,small,f_only,2.5,joint,g_vt,1,-1.25,-1.604380494221828,1.0,-0.35438049422182805,1.6798195566484446,0.9549406996639476,0.0,1.2835043953774625,,1.0,80.1,,,,
s2_register,small,f_only,2.5,joint,g_z,1,-0.4330127018922193,1.6189907580090797,1.0,2.052003459901299,5.690244176584104,0.5641549689380307,,,,1.0,80.1,,,,
s3_mechanism,large,e_r50,1.0,joint,b_f,1,,0.34875321853462,,,0.9117962692167134,0.9150626560693195,,,,1.0,176.6,,0.1013621739717333,1.0,1.0
s3_mechanism,large,e_r50,1.0,joint,b_m,1,0.0,-0.5035434111930505,1.0,-0.5035434111930505,1.5572013116092478,0.7783153657664988,,,0.0,1.0,176.6,,-0.1039834801616353,1.0,1.0
s3_mechanism,large,e_r50,1.0,joint,b_vt,1,,-1.740047659127207,,,0.7669216400008596,0.9450847902791588,,,,1.0,176.6,,-1.6018253958284354,1.0,1.0
s3_mechanism,large,e_r50,1.0,joint,b_z,1,,-2.889315197940716,,,0.8231612757747282,0.901093180462084,,,,1.0,176.6,,-2.594866636169947,1.0,1.0
s3_mechanism,large,e_r50,1.0,joint,c_z,1,,-2.7166335123690923,,,0.6239009008075009,0.94328247084398,,,,1.0,176.6,,,,
s3_mechanism,large,e_r50,1.0,joint,g_s,1,-0.3,-0.380786929439236,1.0,-0.08078692943923599,0.7077628101391894,0.9534272761911435,0.0,1.2692897647974533,,1.0,176.6,,,,
s3_mechanism,large,e_r50,1.0,joint,g_vt,1,-1.25,-1.4019695630512123,1.0,-0.15196956305121234,0.6329850102341945,0.9624932497889048,0.0,1.12157565044097,,1.0,176.6,,,,
s3_mechanism,large,e_r50,1.0,joint,g_z,1,-0.4330127018922193,-0.6217909903820634,1.0,-0.18877828848984413,0.8078964423653389,0.9318766211929871,0.0,1.4359647827070734,,1.0,176.6,,,,
s3_mechanism,large,e_r80,1.0,joint,b_f,1,,0.1977557029526619,,,0.4886901581709845,0.9767747937498314,,,,1.0,120.4,,0.1013621739717333,1.0,1.0
s3_mechanism,large,e_r80,1.0,joint,b_m,1,0.0,-0.1134569506485956,1.0,-0.1134569506485956,0.9326224967853125,0.9193234481073119,,,0.0,1.0,120.4,,-0.1039834801616353,1.0,1.0
s3_mechanism,large,e_r80,1.0,joint,b_vt,1,,-1.7081771398861898,,,0.5759806515396289,0.9694775699215346,,,,1.0,120.4,,-1.6018253958284354,1.0,1.0
s3_mechanism,large,e_r80,1.0,joint,b_z,1,,-2.9062844906678964,,,0.5639674182609808,0.9692108523840768,,,,1.0,120.4,,-2.594866636169947,1.0,0.0
s3_mechanism,large,e_r80,1.0,joint,c_z,1,,-2.8173960977954384,,,0.5141702409814437,0.9750435825481885,,,,1.0,120.4,,,,
s3_mechanism,large,e_r80,1.0,joint,g_s,1,-0.3,-0.3819475472143455,1.0,-0.0819475472143455,0.6994975161438579,0.9546368744521124,0.0,1.273158490714485,,1.0,120.4,,,,
s3_mechanism,large,e_r80,1.0,joint,g_vt,1,-1.25,-1.385248025561182,1.0,-0.1352480255611821,0.6453170255128424,0.9624000728341456,0.0,1.1081984204489457,,1.0,120.4,,,,
s3_mechanism,large,e_r80,1.0,joint,g_z,1,-0.4330127018922193,-0.4821292088962818,1.0,-0.049116507004062504,0.6188148549970319,0.9645315151261323,0.0,1.1134297141617986,,1.0,120.4,,,,
s3_mechanism,large,f_only,1.0,joint,b_f,1,,-0.8971377420284881,,,3.323859817267791,-0.31465948518862397,,,,1.0,295.6,2.966232430417634,0.1013621739717333,0.0,1.0
s3_mechanism,large,f_only,1.0,joint,b_m,1,0.0,-2.6203060094654225,0.0,-2.6203060094654225,2.194653675677774,0.5597189400353677,,,1.0,1.0,295.6,6.0415532301581285,-0.1039834801616353,1.0,0.0
s3_mechanism,large,f_only,1.0,joint,b_vt,1,,-1.4415112755923456,,,1.6475684048595078,0.7182654546391077,,,,1.0,295.6,4.459514397121803,-1.6018253958284354,1.0,1.0
s3_mechanism,large,f_only,1.0,joint,b_z,1,,1.1344642859111649,,,6.699308780640125,-5.7238615807708575,,,,1.0,295.6,2.0087875490566027,-2.594866636169947,0.0,1.0
s3_mechanism,large,f_only,1.0,joint,c_z,1,,1.2364271234385822,,,5.91219622912006,-4.1592750365010485,,,,1.0,295.6,1.2333677131686,,,
s3_mechanism,large,f_only,1.0,joint,g_s,1,-0.3,-0.5256886086183888,1.0,-0.22568860861838885,0.9773553795981805,0.9124165025614721,0.0,1.7522953620612962,,1.0,295.6,1.2921951166593881,,,
s3_mechanism,large,f_only,1.0,joint,g_vt,1,-1.25,-1.6047281024312805,1.0,-0.3547281024312805,0.8521238990034177,0.9298201975174623,0.0,1.2837824819450243,,1.0,295.6,2.40710986600315,,,
s3_mechanism,large,f_only,1.0,joint,g_z,1,-0.4330127018922193,0.7321340307782481,1.0,1.1651467326704674,4.01035033341225,-0.816584277442538,,,,1.0,295.6,1.244073896044034,,,
s3_mechanism,large,f_only,2.5,joint,b_f,1,,2.5039028739712923,,,9.216030091204662,-0.5077079855770819,,,,1.0,464.7,,0.1013621739717333,1.0,1.0
s3_mechanism,large,f_only,2.5,joint,b_m,1,0.0,-6.629098793068065,0.0,-6.629098793068065,3.5968232425562956,0.7909321966819174,,,1.0,1.0,464.7,,-0.1039834801616353,1.0,0.0
s3_mechanism,large,f_only,2.5,joint,b_vt,1,,-3.8085623088128058,,,4.271517205405507,0.6633169978540312,,,,1.0,464.7,,-1.6018253958284354,1.0,1.0
s3_mechanism,large,f_only,2.5,joint,b_z,1,,-4.074404170911848,,,12.13477620613737,-2.385540644666545,,,,1.0,464.7,,-2.594866636169947,1.0,1.0
s3_mechanism,large,f_only,2.5,joint,c_z,1,,-1.5650489365094264,,,7.292583005707661,-0.15441031162793717,,,,1.0,464.7,,,,
s3_mechanism,large,f_only,2.5,joint,g_s,1,-0.3,-0.1432698060247894,1.0,0.1567301939752106,2.323193203007988,0.9167018014578665,,,,1.0,464.7,,,,
s3_mechanism,large,f_only,2.5,joint,g_vt,1,-1.25,-2.2424069095611903,0.0,-0.9924069095611903,2.270655484066473,0.9184234022939816,0.0,1.7939255276489523,,1.0,464.7,,,,
s3_mechanism,large,f_only,2.5,joint,g_z,1,-0.4330127018922193,-0.9446377370585958,1.0,-0.5116250351663765,9.490926677887355,-0.7489488102757056,,,,1.0,464.7,,,,
s3_mechanism,large,oracle,1.0,oracle,b_f,1,,0.1013621739717333,,,0.1854906943639751,0.9968760191329367,,,,0.0,71.4,,,,
s3_mechanism,large,oracle,1.0,oracle,b_m,1,0.0,-0.1039834801616353,1.0,-0.1039834801616353,0.33270055348025557,0.9897530906366006,,,0.0,0.0,71.4,,,,
s3_mechanism,large,oracle,1.0,oracle,b_vt,1,,-1.6018253958284354,,,0.1776721582745182,0.9970146555428904,,,,0.0,71.4,,,,
s3_mechanism,large,oracle,1.0,oracle,b_z,1,,-2.594866636169947,,,0.21327794734670924,0.9958592855479789,,,,0.0,71.4,,,,
s3_mechanism,small,e_r50,1.0,joint,b_f,1,,0.0421182492753404,,,0.8048152744180814,0.9413878238746238,,,,1.0,94.5,,0.0903187690816599,1.0,1.0
s3_mechanism,small,e_r50,1.0,joint,b_m,1,0.0,-0.8987048438021935,0.0,-0.8987048438021935,1.431859314654079,0.8096548658220796,,,1.0,1.0,94.5,,-0.1337329069742224,1.0,0.0
s3_mechanism,small,e_r50,1.0,joint,b_vt,1,,-1.205738817106758,,,0.6424079901528196,0.9604822890554335,,,,1.0,94.5,,-1.2431314014320043,1.0,1.0
s3_mechanism,small,e_r50,1.0,joint,b_z,1,,-2.2414219651928,,,0.6752383344285171,0.9574435763615617,,,,1.0,94.5,,-2.1587895389348257,1.0,1.0
s3_mechanism,small,e_r50,1.0,joint,c_z,1,,-2.2194890686970363,,,0.5785872848302205,0.9694117271825692,,,,1.0,94.5,,,,
s3_mechanism,small,e_r50,1.0,joint,g_s,1,-0.3,-0.6118676465122225,1.0,-0.3118676465122225,0.9523247992853239,0.9132336937140606,0.0,2.0395588217074083,,1.0,94.5,,,,
s3_mechanism,small,e_r50,1.0,joint,g_vt,1,-1.25,-1.4593809713815922,1.0,-0.20938097138159217,0.8354884584760611,0.934058733278932,0.0,1.1675047771052738,,1.0,94.5,,,,
s3_mechanism,small,e_r50,1.0,joint,g_z,1,-0.4330127018922193,-0.7895972329300758,1.0,-0.3565845310378565,0.8695864648941974,0.9299446320568316,0.0,1.8234966999342517,,1.0,94.5,,,,
s3_mechanism,small,e_r80,1.0,joint,b_f,1,,0.1292777525814096,,,0.5461761041103369,0.9724977188516635,,,,1.0,88.7,,0.0903187690816599,1.0,1.0
s3_mechanism,small,e_r80,1.0,joint,b_m,1,0.0,-0.549821287785264,0.0,-0.549821287785264,1.008616584913109,0.9067972311316158,,,1.0,1.0,88.7,,-0.1337329069742224,1.0,1.0
s3_mechanism,small,e_r80,1.0,joint,b_vt,1,,-1.220895203591131,,,0.5609283227277554,0.97010649824998,,,,1.0,88.7,,-1.2431314014320043,1.0,1.0
s3_mechanism,small,e_r80,1.0,joint,b_z,1,,-2.277627077156887,,,0.5348877639659562,0.9736460112069094,,,,1.0,88.7,,-2.1587895389348257,1.0,1.0
s3_mechanism,small,e_r80,1.0,joint,c_z,1,,-2.229333516974853,,,0.4843467616539292,0.9788084698799003,,,,1.0,88.7,,,,
s3_mechanism,small,e_r80,1.0,joint,g_s,1,-0.3,-0.5903673775939408,1.0,-0.29036737759394077,0.9006418781425225,0.923490162773843,0.0,1.9678912586464692,,1.0,88.7,,,,
s3_mechanism,small,e_r80,1.0,joint,g_vt,1,-1.25,-1.4167693836150912,1.0,-0.1667693836150912,0.7878487364477988,0.9423511984633764,0.0,1.133415506892073,,1.0,88.7,,,,
s3_mechanism,small,e_r80,1.0,joint,g_z,1,-0.4330127018922193,-0.6671867133752274,1.0,-0.2341740114830081,0.688989363342654,0.9560305986073547,0.0,1.540801714267717,,1.0,88.7,,,,
s3_mechanism,small,f_only,1.0,joint,b_f,1,,0.3009763886528326,,,2.1915986033527908,0.5609552774672777,,,,1.0,393.5,4.535449398728993,0.0903187690816599,1.0,1.0
s3_mechanism,small,f_only,1.0,joint,b_m,1,0.0,-1.0700293311840403,0.0,-1.0700293311840403,2.056091715463785,0.6121736615835272,,,1.0,1.0,393.5,4.857574339245083,-0.1337329069742224,1.0,1.0
s3_mechanism,small,f_only,1.0,joint,b_vt,1,,-1.257996839293045,,,1.0541520058754206,0.8968447768329222,,,,1.0,393.5,5.121522173343481,-1.2431314014320043,1.0,1.0
s3_mechanism,small,f_only,1.0,joint,b_z,1,,-1.8152392359966163,,,2.090871751927722,0.5902814640538172,,,,1.0,393.5,3.437491494915074,-2.1587895389348257,1.0,1.0
s3_mechanism,small,f_only,1.0,joint,c_z,1,,-1.5852525589752424,,,1.365287323404922,0.8205000096968771,,,,1.0,393.5,1.1638295531240384,,,
s3_mechanism,small,f_only,1.0,joint,g_s,1,-0.3,-0.5870373788865324,1.0,-0.2870373788865324,0.9847598891932889,0.910916968433399,0.0,1.956791262955108,,1.0,393.5,0.06289834897014229,,,
s3_mechanism,small,f_only,1.0,joint,g_vt,1,-1.25,-1.4934341290815911,1.0,-0.24343412908159112,0.8744406541368599,0.9280155001151209,0.0,1.194747303265273,,1.0,393.5,0.9129292434124412,,,
s3_mechanism,small,f_only,1.0,joint,g_z,1,-0.4330127018922193,-1.217528628645581,0.0,-0.7845159267533618,1.5611425771854106,0.7727204709146638,0.0,2.811761925978409,,1.0,393.5,0.8321570560159305,,,
s3_mechanism,small,f_only,2.5,joint,b_f,1,,3.3061855667354467,,,10.275435364386928,-0.8783424683491667,,,,1.0,166.3,,0.0903187690816599,1.0,1.0
s3_mechanism,small,f_only,2.5,joint,b_m,1,0.0,-4.095117977705638,0.0,-4.095117977705638,4.2460161728199655,0.7263213356508724,,,1.0,1.0,166.3,,-0.1337329069742224,1.0,0.0
s3_mechanism,small,f_only,2.5,joint,b_vt,1,,-2.9029164140272585,,,4.3795425648782516,0.6788627699389127,,,,1.0,166.3,,-1.2431314014320043,1.0,1.0
s3_mechanism,small,f_only,2.5,joint,b_z,1,,-4.0155521027668675,,,10.684301745243157,-1.3499768120942943,,,,1.0,166.3,,-2.1587895389348257,1.0,1.0
s3_mechanism,small,f_only,2.5,joint,c_z,1,,-1.0921677808470722,,,4.77608975175608,0.5528340213211536,,,,1.0,166.3,,,,
s3_mechanism,small,f_only,2.5,joint,g_s,1,-0.3,-0.605810511141357,1.0,-0.305810511141357,1.5855363405607823,0.9581866387327586,,,,1.0,166.3,,,,
s3_mechanism,small,f_only,2.5,joint,g_vt,1,-1.25,-1.7383723813769152,1.0,-0.4883723813769152,1.428632480777596,0.9675161627145412,0.0,1.3906979051015322,,1.0,166.3,,,,
s3_mechanism,small,f_only,2.5,joint,g_z,1,-0.4330127018922193,-0.820807381602983,1.0,-0.38779467971076376,5.500812028480076,0.4305449142079827,,,,1.0,166.3,,,,
s3_mechanism,small,oracle,1.0,oracle,b_f,1,,0.0903187690816599,,,0.2741964124725632,0.992989464385267,,,,0.0,47.2,,,,
s3_mechanism,small,oracle,1.0,oracle,b_m,1,0.0,-0.1337329069742224,1.0,-0.1337329069742224,0.4616946916660952,0.98047699849117,,,0.0,0.0,47.2,,,,
s3_mechanism,small,oracle,1.0,oracle,b_vt,1,,-1.2431314014320043,,,0.25951681295028584,0.9937130732414339,,,,0.0,47.2,,,,
s3_mechanism,small,oracle,1.0,oracle,b_z,1,,-2.1587895389348257,,,0.25873259807605287,0.9938361869700003,,,,0.0,47.2,,,,
