scenario,size,rep,model,indicator,prior_scale,coef,truth,mean,sd,q05,q95,prior_sd,rhat_coef,ess_coef,rhat_max,ess_min,divergences,seconds,fit_seed,n_marked,total_count,nonzero_cells
s1_recovery,small,0,joint,f_only,2.5,b_rho,-0.3,0.48341174737232023,0.7350553037239959,-0.9811209716658224,1.4469964420348616,2.5,1.2519153991442182,12.082286707693187,1.339984988105134,9.350896860583648,34,116.8,795528211,63,717,682
s1_recovery,small,0,joint,f_only,2.5,b_m,0.0,-0.15318476449910676,0.7333320681268993,-1.4401998075112432,0.8884103258977651,2.5,1.2525747816209643,12.245701827721314,1.339984988105134,9.350896860583648,34,116.8,795528211,63,717,682
s1_recovery,small,0,joint,f_only,2.5,b_f,0.3,0.06259393329208852,0.19378168793915349,-0.2625797398040626,0.36750155220939723,2.5,1.164324599514287,18.026256927731556,1.339984988105134,9.350896860583648,34,116.8,795528211,63,717,682
s1_recovery,small,0,joint,f_only,2.5,b_v,-0.5,-0.6052571292600734,0.644326187829265,-1.6800283940483096,0.5036265037278718,2.5,1.093107078181847,52.42748356467817,1.339984988105134,9.350896860583648,34,116.8,795528211,63,717,682
s1_recovery,small,0,joint,f_only,2.5,g_rho,-0.5,-0.19990291378440536,2.6697453282733625,-4.13670747152209,4.013057324382251,2.5,1.339984988105134,9.350896860583648,1.339984988105134,9.350896860583648,34,116.8,795528211,63,717,682
s1_recovery,small,0,joint,f_only,2.5,g_v,-1.0,-0.8543818922272052,1.5866089071018412,-3.4213988447844734,1.8191177110141903,2.5,1.0319295262952675,107.56546519252683,1.339984988105134,9.350896860583648,34,116.8,795528211,63,717,682
s1_recovery,small,0,joint,f_only,2.5,g_s,-0.3,-0.594315817629805,0.3611200043051568,-1.2691202482800388,-0.06935772712793557,2.5,1.0144350447911223,383.4675898130844,1.339984988105134,9.350896860583648,34,116.8,795528211,63,717,682
s1_recovery,small,0,joint,e_r50,1.0,b_rho,-0.3,-0.583521582028064,0.3435869556422113,-1.2917678088718494,-0.1996468247725841,1.0,1.0493887105479185,64.96132133337305,1.0493887105479185,64.96132133337305,0,85.8,2945560788,63,717,682
s1_recovery,small,0,joint,e_r50,1.0,b_m,0.0,-0.28519275230024455,0.18708907820590479,-0.5980715395465059,0.01254658455459189,1.0,1.0048819767880632,1065.4652286396629,1.0493887105479185,64.96132133337305,0,85.8,2945560788,63,717,682
s1_recovery,small,0,joint,e_r50,1.0,b_f,0.3,0.41653152797878873,0.1731425446918782,0.19564520288502732,0.7540484887453663,1.0,1.0405796386660007,77.58538250216604,1.0493887105479185,64.96132133337305,0,85.8,2945560788,63,717,682
s1_recovery,small,0,joint,e_r50,1.0,b_v,-0.5,-0.397209934484285,0.319809696673284,-0.8252161327085424,0.19471679569735112,1.0,1.046342535775512,70.55358593969137,1.0493887105479185,64.96132133337305,0,85.8,2945560788,63,717,682
s1_recovery,small,0,joint,e_r50,1.0,g_rho,-0.5,-0.5727769159725229,0.4054253205137206,-1.305745174899983,0.004832066862056195,1.0,1.0061344458215378,566.7400705585292,1.0493887105479185,64.96132133337305,0,85.8,2945560788,63,717,682
s1_recovery,small,0,joint,e_r50,1.0,g_v,-1.0,-0.6977384672432515,0.38332369589132204,-1.2547990371400415,-0.029323786043114242,1.0,1.0056560381399822,190.21276610546343,1.0493887105479185,64.96132133337305,0,85.8,2945560788,63,717,682
s1_recovery,small,0,joint,e_r50,1.0,g_s,-0.3,-0.36864981848388645,0.2262989875736319,-0.745157721935396,-0.010851924377280189,1.0,1.0006332593370777,2293.6219023010635,1.0493887105479185,64.96132133337305,0,85.8,2945560788,63,717,682
s1_recovery,small,0,joint,f_only,1.0,b_rho,-0.3,0.4489965179516029,0.4805123361091377,-0.45899236373824953,1.108698923350407,1.0,1.3714052574378042,9.393916987682173,1.7636873190441975,6.1602562152847335,1001,208.7,1610916998,63,717,682
s1_recovery,small,0,joint,f_only,1.0,b_m,0.0,-0.38051811781902395,0.3279170139240959,-0.7932164480606981,0.1776976149433627,1.0,1.1930129671978345,15.600816994071252,1.7636873190441975,6.1602562152847335,1001,208.7,1610916998,63,717,682
s1_recovery,small,0,joint,f_only,1.0,b_f,0.3,-0.07072404808736049,0.2564984162673012,-0.4265920850123649,0.29838931991169027,1.0,1.4169726618277667,8.558473317939159,1.7636873190441975,6.1602562152847335,1001,208.7,1610916998,63,717,682
s1_recovery,small,0,joint,f_only,1.0,b_v,-0.5,-0.5800354910532606,0.4370679617987391,-1.049882638754288,0.3315327959973307,1.0,1.2086096781602125,15.628654352520861,1.7636873190441975,6.1602562152847335,1001,208.7,1610916998,63,717,682
s1_recovery,small,0,joint,f_only,1.0,g_rho,-0.5,0.09128214906371142,0.933447079613832,-1.5763123145661961,1.2426942239865404,1.0,1.2024174578147178,15.365785729431796,1.7636873190441975,6.1602562152847335,1001,208.7,1610916998,63,717,682
s1_recovery,small,0,joint,f_only,1.0,g_v,-1.0,-0.9962887887101468,0.5777369152502093,-1.7554966756467874,0.023768177081571893,1.0,1.3578370451951693,9.396078725096418,1.7636873190441975,6.1602562152847335,1001,208.7,1610916998,63,717,682
s1_recovery,small,0,joint,f_only,1.0,g_s,-0.3,-0.46717991147648197,0.22972219175941655,-0.785931305957101,-0.07209055901434838,1.0,1.1151103816368666,23.35968105038435,1.7636873190441975,6.1602562152847335,1001,208.7,1610916998,63,717,682
s1_recovery,small,0,joint,e_r80,1.0,b_rho,-0.3,-0.46936892925321677,0.26704405110138474,-1.0197054998236528,-0.21257544395317307,1.0,1.1171916701657119,23.096816035414882,1.300314075857055,10.683570618120969,89,106.0,3005798555,63,717,682
s1_recovery,small,0,joint,e_r80,1.0,b_m,0.0,-0.2758616727092811,0.15863700277788254,-0.5382319465754407,-0.015719600067405314,1.0,1.0012543964724527,1254.1932004642197,1.300314075857055,10.683570618120969,89,106.0,3005798555,63,717,682
s1_recovery,small,0,joint,e_r80,1.0,b_f,0.3,0.36784367554505853,0.14334393842889526,0.18760980048114786,0.6511423853348383,1.0,1.0962227086707552,27.57147622747384,1.300314075857055,10.683570618120969,89,106.0,3005798555,63,717,682
s1_recovery,small,0,joint,e_r80,1.0,b_v,-0.5,-0.526264740991946,0.27732270430540196,-0.9269386144204443,-0.031665974881149105,1.0,1.2870558861980774,10.989551388387289,1.300314075857055,10.683570618120969,89,106.0,3005798555,63,717,682
s1_recovery,small,0,joint,e_r80,1.0,g_rho,-0.5,-0.46669176767728365,0.28229931548359494,-0.9929487420597053,-0.06646375461569662,1.0,1.0398282741472002,73.74249217382763,1.300314075857055,10.683570618120969,89,106.0,3005798555,63,717,682
s1_recovery,small,0,joint,e_r80,1.0,g_v,-1.0,-0.8317228071269528,0.32722534599551883,-1.319462975944329,-0.2446311676375304,1.0,1.138420722200593,19.71154481784824,1.300314075857055,10.683570618120969,89,106.0,3005798555,63,717,682
s1_recovery,small,0,joint,e_r80,1.0,g_s,-0.3,-0.389930245197786,0.23262396102503738,-0.7908115406523067,-0.02732197288725419,1.0,1.001261148341133,1596.1472801644122,1.300314075857055,10.683570618120969,89,106.0,3005798555,63,717,682
s1_recovery,large,0,joint,f_only,1.0,b_rho,-0.3,-0.37831773693635307,0.43108374683837897,-0.9642123448761738,0.47558033980243725,1.0,1.1837404398060862,16.605033826165702,1.32509612333213,10.394164064167937,26,152.0,2113342867,65,5667,4063
s1_recovery,large,0,joint,f_only,1.0,b_m,0.0,0.22215443573178398,0.31502936517929864,-0.24004294657579792,0.8139779525961867,1.0,1.1031391897032254,28.484565463323047,1.32509612333213,10.394164064167937,26,152.0,2113342867,65,5667,4063
s1_recovery,large,0,joint,f_only,1.0,b_f,0.3,0.33373704994414993,0.22100250179845396,0.030463694639847008,0.7209383351988604,1.0,1.1204285609505564,24.49096566686772,1.32509612333213,10.394164064167937,26,152.0,2113342867,65,5667,4063
s1_recovery,large,0,joint,f_only,1.0,b_v,-0.5,-0.5761679340602637,0.3801173328447711,-1.2045284730210306,0.02761055986978926,1.0,1.1450848104071212,20.017179290856873,1.32509612333213,10.394164064167937,26,152.0,2113342867,65,5667,4063
s1_recovery,large,0,joint,f_only,1.0,g_rho,-0.5,0.39380933926881345,0.8496440438355188,-1.06528851999857,1.6931947307416164,1.0,1.1469478510017705,22.113415324529665,1.32509612333213,10.394164064167937,26,152.0,2113342867,65,5667,4063
s1_recovery,large,0,joint,f_only,1.0,g_v,-1.0,-1.19665826730715,0.5123834950616654,-2.0116844238153906,-0.2938700472864142,1.0,1.0180092398877238,217.17878639954296,1.32509612333213,10.394164064167937,26,152.0,2113342867,65,5667,4063
s1_recovery,large,0,joint,f_only,1.0,g_s,-0.3,-0.7196954036902525,0.265801777799164,-1.1850902578288798,-0.31489042687616636,1.0,1.013691209465449,579.2123966989977,1.32509612333213,10.394164064167937,26,152.0,2113342867,65,5667,4063
s1_recovery,large,0,joint,e_r50,1.0,b_rho,-0.3,-0.714650418168338,0.3321412948076261,-1.330562577452897,-0.24561252201921757,1.0,1.2320541395681184,14.592774069664372,1.2320541395681184,14.592774069664372,0,129.8,2296386403,65,5667,4063
s1_recovery,large,0,joint,e_r50,1.0,b_m,0.0,0.10287031552371484,0.1392545596247227,-0.11483559267089714,0.34461630931483017,1.0,1.0177165697273174,299.4318861206204,1.2320541395681184,14.592774069664372,0,129.8,2296386403,65,5667,4063
s1_recovery,large,0,joint,e_r50,1.0,b_f,0.3,0.48993252970040924,0.16816527677118043,0.252937788691886,0.8083139502843537,1.0,1.1995645028201853,16.52432900075835,1.2320541395681184,14.592774069664372,0,129.8,2296386403,65,5667,4063
s1_recovery,large,0,joint,e_r50,1.0,b_v,-0.5,-0.18114955921206166,0.26273250074416943,-0.5798182740676682,0.3031802137511926,1.0,1.2255767594521818,15.596331345320793,1.2320541395681184,14.592774069664372,0,129.8,2296386403,65,5667,4063
s1_recovery,large,0,joint,e_r50,1.0,g_rho,-0.5,-0.31368399055944224,0.41300860250476845,-1.0137109065920604,0.3438100041205621,1.0,1.013546706082953,363.2289905887729,1.2320541395681184,14.592774069664372,0,129.8,2296386403,65,5667,4063
s1_recovery,large,0,joint,e_r50,1.0,g_v,-1.0,-1.110498480371303,0.39134116977904576,-1.7357372895677365,-0.4548883325899237,1.0,1.0131744191378558,381.3194420128598,1.2320541395681184,14.592774069664372,0,129.8,2296386403,65,5667,4063
s1_recovery,large,0,joint,e_r50,1.0,g_s,-0.3,-0.6462220718879746,0.24308522389232928,-1.0675571472606704,-0.2606277194056818,1.0,1.0021042228127892,1446.5647702848264,1.2320541395681184,14.592774069664372,0,129.8,2296386403,65,5667,4063
