scenario,size,rep,model,param,low_rank,tune,indicator,prior_scale,coef,truth,mean,sd,q05,q95,prior_sd,rhat_coef,ess_coef,rhat_max,ess_min,divergences,seconds,fit_seed,n_marked,total_count,nonzero_cells
s1_recovery,large,0,joint,v2_within_valence,False,1000,e_r80,1.0,b_z,-0.25980762113533157,-0.4909245600728983,0.1731292885045507,-0.7985071819998977,-0.25924505980783497,1.0,1.2014473336041884,14.164231218392676,1.2014473336041884,14.164231218392676,0,121.7,758067148,65,5667,4063
s1_recovery,large,0,joint,v2_within_valence,False,1000,e_r80,1.0,b_m,0.0,0.07640371977800925,0.12138604179749285,-0.11612853373462494,0.2802976412821669,1.0,1.014527818265465,590.1940202194419,1.2014473336041884,14.164231218392676,0,121.7,758067148,65,5667,4063
s1_recovery,large,0,joint,v2_within_valence,False,1000,e_r80,1.0,b_f,0.3,0.5068008499007334,0.17693695669376344,0.2744402295052203,0.8335842326976279,1.0,1.1939372083759858,14.668891164909693,1.2014473336041884,14.164231218392676,0,121.7,758067148,65,5667,4063
s1_recovery,large,0,joint,v2_within_valence,False,1000,e_r80,1.0,b_vt,-0.65,-0.7171824052124527,0.0824915003704444,-0.869614751655412,-0.5972499153673585,1.0,1.1333728351942824,20.433423253176496,1.2014473336041884,14.164231218392676,0,121.7,758067148,65,5667,4063
s1_recovery,large,0,joint,v2_within_valence,False,1000,e_r80,1.0,g_z,-0.4330127018922193,-0.22339389366787635,0.23658860940603113,-0.625413989631832,0.15227870431044657,1.0,1.0050504400973617,837.6937978950194,1.2014473336041884,14.164231218392676,0,121.7,758067148,65,5667,4063
s1_recovery,large,0,joint,v2_within_valence,False,1000,e_r80,1.0,g_vt,-1.25,-1.3178162650703498,0.23304331215836396,-1.7116976993519972,-0.9527345764699257,1.0,1.000038292377526,2628.543730583481,1.2014473336041884,14.164231218392676,0,121.7,758067148,65,5667,4063
s1_recovery,large,0,joint,v2_within_valence,False,1000,e_r80,1.0,g_s,-0.3,-0.6372221946521818,0.24604987404046771,-1.0559611695151454,-0.26158777272275774,1.0,1.0023675944768842,1879.516088250044,1.2014473336041884,14.164231218392676,0,121.7,758067148,65,5667,4063
s1_recovery,large,0,joint,v2_within_valence,False,1000,e_r80,1.0,c_z,-0.15588457268119893,-0.2244284417808758,0.06327773975560923,-0.3354774248105548,-0.12787099877657856,1.0,1.0945331860127887,28.8991831364052,1.2014473336041884,14.164231218392676,0,121.7,758067148,65,5667,4063
s1_recovery,small,0,joint,v2_within_valence,False,1000,e_r80,1.0,b_z,-0.25980762113533157,-0.48539423741127957,0.2013610287196327,-0.8718615200763415,-0.23414206022543615,1.0,1.1491583369058171,18.431587915626185,1.2252220477374391,13.435888410817695,0,155.6,3005798555,63,717,682
s1_recovery,small,0,joint,v2_within_valence,False,1000,e_r80,1.0,b_m,0.0,-0.2879492928393078,0.17169112556313385,-0.5711287129365169,-0.013546155218135248,1.0,1.0066751753139866,1188.3780424379936,1.2252220477374391,13.435888410817695,0,155.6,3005798555,63,717,682
s1_recovery,small,0,joint,v2_within_valence,False,1000,e_r80,1.0,b_f,0.3,0.4683679569884374,0.20235255417463394,0.2111371249766882,0.8566081862267764,1.0,1.1447708438222968,18.8982959791487,1.2252220477374391,13.435888410817695,0,155.6,3005798555,63,717,682
s1_recovery,small,0,joint,v2_within_valence,False,1000,e_r80,1.0,b_vt,-0.65,-0.7418020467330617,0.10823650823098505,-0.9406134069779366,-0.5910217706075959,1.0,1.08503314251006,30.825751496789383,1.2252220477374391,13.435888410817695,0,155.6,3005798555,63,717,682
s1_recovery,small,0,joint,v2_within_valence,False,1000,e_r80,1.0,g_z,-0.4330127018922193,-0.44239944150295024,0.2393649956627396,-0.8659189608629289,-0.08573984719246662,1.0,1.0354563557481624,147.20889456684313,1.2252220477374391,13.435888410817695,0,155.6,3005798555,63,717,682
s1_recovery,small,0,joint,v2_within_valence,False,1000,e_r80,1.0,g_vt,-1.25,-0.9809705721706873,0.18522440038952054,-1.3022904384544625,-0.690593491301182,1.0,1.000486230137935,4101.492955687453,1.2252220477374391,13.435888410817695,0,155.6,3005798555,63,717,682
s1_recovery,small,0,joint,v2_within_valence,False,1000,e_r80,1.0,g_s,-0.3,-0.37240903030327976,0.23508233239000004,-0.765371804094482,-0.0003595317392834212,1.0,1.0015040627692657,2315.1489189201575,1.2252220477374391,13.435888410817695,0,155.6,3005798555,63,717,682
s1_recovery,small,0,joint,v2_within_valence,False,1000,e_r80,1.0,c_z,-0.15588457268119893,-0.27589312817251155,0.09760925281350702,-0.453943793198931,-0.1349459134643296,1.0,1.0679175155233265,39.29126061279287,1.2252220477374391,13.435888410817695,0,155.6,3005798555,63,717,682
